PassengerId,Survived,Pclass,Name,Sex,Age,SibSp,Parch,Ticket,Fare,Embarked_Q,Embarked_S
1,0,3,"Braund, Mr. Owen Harris",0,-0.5303766406838785,0.4327933656785018,-0.4736736092984604,A/5 21171,-0.5024451714361923,False,True
3,1,3,"Heikkinen, Miss. Laina",1,-0.25482473201211503,-0.47454519624983954,-0.4736736092984604,STON/O2. 3101282,-0.4888542575852486,False,True
4,1,1,"Futrelle, Mrs. Jacques Heath (Lily May Peel)",1,0.36516706249935255,0.4327933656785018,-0.4736736092984604,113803,0.4207302360686478,False,True
5,0,3,"Allen, Mr. William Henry",0,0.36516706249935255,-0.47454519624983954,-0.4736736092984604,373450,-0.4863374216869257,False,True
7,0,1,"McCarthy, Mr. Timothy J",0,1.6740386286902287,-0.47454519624983954,-0.4736736092984604,17463,0.395813560675251,False,True
8,0,3,"Palsson, Master. Gosta Leonard",0,-1.9081361840426954,2.2474704895351842,0.7676298785983874,349909,-0.22408312108167944,False,True
9,1,3,"Johnson, Mrs. Oscar W (Elisabeth Vilhelmina Berg)",1,-0.1859367548441742,-0.47454519624983954,2.0089333664952354,347742,-0.4242561406845337,False,True
10,1,2,"Nasser, Mrs. Nicholas (Adele Achem)",1,-1.0814804580274051,0.4327933656785018,-0.4736736092984604,237736,-0.04295550208861426,False,False
11,1,3,"Sandstrom, Miss. Marguerite Rut",1,-1.7703602297068137,0.4327933656785018,0.7676298785983874,PP 9549,-0.312172377522981,False,True
12,1,1,"Bonnell, Miss. Elizabeth",1,1.949590537361992,-0.47454519624983954,-0.4736736092984604,113783,-0.11384570873513637,False,True
13,0,3,"Saundercock, Mr. William Henry",0,-0.6681525950197601,-0.47454519624983954,-0.4736736092984604,A/5. 2151,-0.4863374216869257,False,True
14,0,3,"Andersson, Mr. Anders Johan",0,0.6407189711711159,0.4327933656785018,5.73284383018578,347082,-0.01870931177853076,False,True
15,0,3,"Vestrom, Miss. Hulda Amanda Adolfina",1,-1.0814804580274051,-0.47454519624983954,-0.4736736092984604,350406,-0.4902797934380587,False,True
16,1,2,"Hewlett, Mrs. (Mary D Kingcome) ",1,1.7429266058581694,-0.47454519624983954,-0.4736736092984604,248706,-0.3262666585535892,False,True
17,0,3,"Rice, Master. Eugene",0,-1.9081361840426954,3.1548090514635256,0.7676298785983874,382652,-0.06199888922968463,True,False
19,0,3,"Vander Planke, Mrs. Julius (Emelia Maria Vandemoortele)",1,0.08961515382758917,0.4327933656785018,-0.4736736092984604,345763,-0.2859972841804228,False,True
21,0,2,"Fynney, Mr. Joseph J",0,0.36516706249935255,-0.47454519624983954,-0.4736736092984604,239865,-0.12491978668775715,False,True
22,1,2,"Beesley, Mr. Lawrence",0,0.2962790853314117,-0.47454519624983954,-0.4736736092984604,248698,-0.3866707201133388,False,True
23,1,3,"McGowan, Miss. Anna ""Annie""",1,-1.0125924808594644,-0.47454519624983954,-0.4736736092984604,330923,-0.4867562231804066,True,False
24,1,1,"Sloper, Mr. William Thompson",0,-0.11704877767623337,-0.47454519624983954,-0.4736736092984604,113788,0.06635974158478332,False,True
25,0,3,"Palsson, Miss. Torborg Danira",1,-1.4948083210350502,2.2474704895351842,0.7676298785983874,349909,-0.22408312108167944,False,True
26,1,3,"Asplund, Mrs. Carl Oscar (Selma Augusta Emilia Johansson)",1,0.571830994003175,0.4327933656785018,5.73284383018578,347077,-0.016444159470040135,False,True
31,0,1,"Uruchurtu, Don. Manuel E",0,0.7096069483390568,-0.47454519624983954,-0.4736736092984604,PC 17601,-0.09027201697708476,False,False
36,0,1,"Holverson, Mr. Alexander Oskar",0,0.8473829026749384,0.4327933656785018,-0.4736736092984604,113789,0.39858208016340624,False,True
38,0,3,"Cann, Mr. Ernest Charles",0,-0.5992646178518193,-0.47454519624983954,-0.4736736092984604,A./5. 2152,-0.4863374216869257,False,True
39,0,3,"Vander Planke, Miss. Augusta Maria",1,-0.8059285493556418,1.340131927606843,-0.4736736092984604,345764,-0.2859972841804228,False,True
40,1,3,"Nicola-Yarred, Miss. Jamila",1,-1.0814804580274051,0.4327933656785018,-0.4736736092984604,2651,-0.42207354059350805,False,False
41,0,3,"Ahlin, Mrs. Johan (Johanna Persdotter Larsson)",1,0.7096069483390568,0.4327933656785018,-0.4736736092984604,7546,-0.4576454924460446,False,True
42,0,2,"Turpin, Mrs. William John Robert (Dorothy Ann Wonnacott)",1,-0.1859367548441742,0.4327933656785018,-0.4736736092984604,11668,-0.22559322262067316,False,True
44,1,2,"Laroche, Miss. Simonne Marie Anne Andree",1,-1.8392482068747544,0.4327933656785018,2.0089333664952354,SC/Paris 2123,0.18876253192945994,False,False
45,1,3,"Devaney, Miss. Margaret Delia",1,-0.7370405721877009,-0.47454519624983954,-0.4736736092984604,330958,-0.48977642625839407,True,False
50,0,3,"Arnold-Franchi, Mrs. Josef (Josefine Franchi)",1,-0.8059285493556418,0.4327933656785018,-0.4736736092984604,349237,-0.29002422161773944,False,True
51,0,3,"Panula, Master. Juha Niilo",0,-1.5636962982029912,3.1548090514635256,0.7676298785983874,3101295,0.1506737441786005,False,True
52,0,3,"Nosworthy, Mr. Richard Cater",0,-0.5992646178518193,-0.47454519624983954,-0.4736736092984604,A/4. 39886,-0.4913710934835715,False,True
54,1,2,"Faunthorpe, Mrs. Lizzie (Elizabeth Anne Wilkinson)",1,-0.04816080050829252,0.4327933656785018,-0.4736736092984604,2926,-0.12491978668775715,False,True
57,1,2,"Rugg, Miss. Emily",1,-0.5992646178518193,-0.47454519624983954,-0.4736736092984604,C.A. 31026,-0.43700743807979686,False,True
58,0,3,"Novel, Mr. Mansouer",0,-0.08260478909226295,-0.47454519624983954,-0.4736736092984604,2697,-0.5028639729296732,False,False
59,1,2,"West, Miss. Constance Mirium",1,-1.7014722525388728,0.4327933656785018,2.0089333664952354,C.A. 34651,-0.08968408411123653,False,True
60,0,3,"Goodwin, Master. William Frederick",0,-1.2881443895312277,4.0621476133918675,2.0089333664952354,CA 2144,0.2958951755118318,False,True
61,0,3,"Sirayanian, Mr. Orsen",0,-0.5303766406838785,-0.47454519624983954,-0.4736736092984604,2669,-0.5028639729296732,False,False
64,0,3,"Skoog, Master. Harald",0,-1.7703602297068137,2.2474704895351842,2.0089333664952354,347088,-0.08666388103324908,False,True
67,1,2,"Nye, Mrs. (Elizabeth Ramell)",1,-0.04816080050829252,-0.47454519624983954,-0.4736736092984604,C.A. 29395,-0.43700743807979686,False,True
68,0,3,"Crease, Mr. Ernest James",0,-0.7370405721877009,-0.47454519624983954,-0.4736736092984604,S.P. 3464,-0.4841568350646187,False,True
69,1,3,"Andersson, Miss. Erna Alexandra",1,-0.8748165265235827,3.1548090514635256,2.0089333664952354,3101281,-0.4888542575852486,False,True
70,0,3,"Kink, Mr. Vincenz",0,-0.25482473201211503,1.340131927606843,-0.4736736092984604,315151,-0.47400492578514347,False,True
71,0,2,"Jenkin, Mr. Stephen Curnow",0,0.15850313099553,-0.47454519624983954,-0.4736736092984604,C.A. 33111,-0.43700743807979686,False,True
72,0,3,"Goodwin, Miss. Lillian Amy",1,-0.9437045036915235,4.0621476133918675,2.0089333664952354,CA 2144,0.2958951755118318,False,True
74,0,3,"Chronopoulos, Mr. Apostolos",0,-0.25482473201211503,0.4327933656785018,-0.4736736092984604,2680,-0.3573908580066095,False,False
75,1,3,"Bing, Mr. Lee",0,0.15850313099553,-0.47454519624983954,-0.4736736092984604,1601,0.48910360681684706,False,True
76,0,3,"Moen, Mr. Sigurd Hansen",0,-0.3237127091800559,-0.47454519624983954,-0.4736736092984604,348123,-0.494391296561559,False,True
79,1,2,"Caldwell, Master. Alden Gates",0,-1.9887351173291863,-0.47454519624983954,2.0089333664952354,248738,-0.06451572512800753,False,True
80,1,3,"Dowdell, Miss. Elizabeth",1,0.020727176659648322,-0.47454519624983954,-0.4736736092984604,364516,-0.397241430886295,False,True
81,0,3,"Waelens, Mr. Achille",0,-0.5303766406838785,-0.47454519624983954,-0.4736736092984604,345767,-0.46720946885967163,False,True
82,1,3,"Sheerlinck, Mr. Jan Baptist",0,-0.04816080050829252,-0.47454519624983954,-0.4736736092984604,345779,-0.45714212526638004,False,True
84,0,1,"Carrau, Mr. Francisco M",0,-0.11704877767623337,-0.47454519624983954,-0.4736736092984604,113059,0.29992211294914856,False,True
85,1,2,"Ilett, Miss. Bertha",1,-0.8748165265235827,-0.47454519624983954,-0.4736736092984604,SO/C 14885,-0.43700743807979686,False,True
86,1,3,"Backstrom, Mrs. Karl Alfred (Maria Mathilda Gustafsson)",1,0.22739110816347086,2.2474704895351842,-0.4736736092984604,3101278,-0.32928686163157667,False,True
87,0,3,"Ford, Mr. William Neal",0,-0.9437045036915235,0.4327933656785018,3.250236854392083,W./C. 6608,0.04370821849987721,False,True
90,0,3,"Celotti, Mr. Francesco",0,-0.3926006863479967,-0.47454519624983954,-0.4736736092984604,343275,-0.4863374216869257,False,True
91,0,3,"Christmann, Mr. Emil",0,-0.04816080050829252,-0.47454519624983954,-0.4736736092984604,343276,-0.4863374216869257,False,True
92,0,3,"Andreasson, Mr. Paul Edvin",0,-0.6681525950197601,-0.47454519624983954,-0.4736736092984604,347466,-0.4902797934380587,False,True
93,0,1,"Chaffee, Mr. Herbert Fuller",0,1.122934811346702,0.4327933656785018,-0.4736736092984604,W.E.P. 5734,0.5833178351003071,False,True
94,0,3,"Dean, Mr. Bertram Frank",0,-0.25482473201211503,0.4327933656785018,2.0089333664952354,C.A. 2315,-0.23415046467497105,False,True
95,0,3,"Coxon, Mr. Daniel",0,2.018478514529933,-0.47454519624983954,-0.4736736092984604,364500,-0.5024451714361923,False,True
98,1,1,"Greenfield, Mr. William Bertram",0,-0.4614886635159376,-0.47454519624983954,0.7676298785983874,PC 17759,0.6272778976347743,False,False
99,1,2,"Doling, Mrs. John T (Ada Julia Bone)",1,0.2962790853314117,-0.47454519624983954,0.7676298785983874,231919,-0.18532384824750675,False,True
100,0,2,"Kantor, Mr. Sinai",0,0.2962790853314117,0.4327933656785018,-0.4736736092984604,244367,-0.12491978668775715,False,True
101,0,3,"Petranec, Miss. Matilda",1,-0.11704877767623337,-0.47454519624983954,-0.4736736092984604,349245,-0.4894421904510968,False,True
104,0,3,"Johansson, Mr. Gustaf Joel",0,0.22739110816347086,-0.47454519624983954,-0.4736736092984604,7540,-0.4741720436887921,False,True
105,0,3,"Gustafsson, Mr. Anders Vilhelm",0,0.5029430168352342,1.340131927606843,-0.4736736092984604,3101276,-0.4888542575852486,False,True
106,0,3,"Mionoff, Mr. Stoytcho",0,-0.11704877767623337,-0.47454519624983954,-0.4736736092984604,349207,-0.4894421904510968,False,True
107,1,3,"Salkjelsvik, Miss. Anna Kristine",1,-0.5992646178518193,-0.47454519624983954,-0.4736736092984604,343120,-0.494391296561559,False,True
109,0,3,"Rekic, Mr. Tido",0,0.571830994003175,-0.47454519624983954,-0.4736736092984604,349249,-0.4894421904510968,False,True
111,0,1,"Porter, Mr. Walter Chamberlain",0,1.1918227885146426,-0.47454519624983954,-0.4736736092984604,110465,0.39858208016340624,False,True
112,0,3,"Zabour, Miss. Hileni",1,-1.0470364694434349,0.4327933656785018,-0.4736736092984604,2665,-0.3573908580066095,False,False
113,0,3,"Barton, Mr. David John",0,-0.5303766406838785,-0.47454519624983954,-0.4736736092984604,324669,-0.4863374216869257,False,True
114,0,3,"Jussila, Miss. Katriina",1,-0.6681525950197601,0.4327933656785018,-0.4736736092984604,4136,-0.4505983519307405,False,True
115,0,3,"Attalah, Miss. Malake",1,-0.8748165265235827,-0.47454519624983954,-0.4736736092984604,2627,-0.3573083057891445,False,False
116,0,3,"Pekoniemi, Mr. Edvard",0,-0.5992646178518193,-0.47454519624983954,-0.4736736092984604,STON/O 2. 3101294,-0.4888542575852486,False,True
118,0,2,"Turpin, Mr. William John Robert",0,-0.04816080050829252,0.4327933656785018,-0.4736736092984604,11668,-0.22559322262067316,False,True
120,0,3,"Andersson, Miss. Ellis Anna Maria",1,-1.9081361840426954,3.1548090514635256,2.0089333664952354,347082,-0.01870931177853076,False,True
123,0,2,"Nasser, Mr. Nicholas",0,0.19294711957950042,0.4327933656785018,-0.4736736092984604,237736,-0.04295550208861426,False,False
124,1,2,"Webber, Miss. Susan",1,0.19294711957950042,-0.47454519624983954,-0.4736736092984604,27267,-0.3866707201133388,False,True
126,1,3,"Nicola-Yarred, Master. Elias",0,-1.219256412363287,0.4327933656785018,-0.4736736092984604,2651,-0.42207354059350805,False,False
128,1,3,"Madsen, Mr. Fridtjof Arne",0,-0.3926006863479967,-0.47454519624983954,-0.4736736092984604,C 17369,-0.5046257580584992,False,True
130,0,3,"Ekstrom, Mr. Johan",0,1.054046834178761,-0.47454519624983954,-0.4736736092984604,347061,-0.5079822104125026,False,True
131,0,3,"Drazenoic, Mr. Jozef",0,0.22739110816347086,-0.47454519624983954,-0.4736736092984604,349241,-0.4894421904510968,False,False
132,0,3,"Coelho, Mr. Domingos Fernandeo",0,-0.6681525950197601,-0.47454519624983954,-0.4736736092984604,SOTON/O.Q. 3101307,-0.5064721088735089,False,True
133,0,3,"Robins, Mrs. Alexander A (Grace Charity Laury)",1,1.1918227885146426,0.4327933656785018,-0.4736736092984604,A/5. 3337,-0.35646868933346404,False,True
134,1,2,"Weisz, Mrs. Leopold (Mathilde Francoise Pede)",1,-0.04816080050829252,0.4327933656785018,-0.4736736092984604,228414,-0.12491978668775715,False,True
135,0,2,"Sobey, Mr. Samuel James Hayden",0,-0.3237127091800559,-0.47454519624983954,-0.4736736092984604,C.A. 29178,-0.3866707201133388,False,True
136,0,2,"Richard, Mr. Emile",0,-0.4614886635159376,-0.47454519624983954,-0.4736736092984604,SC/PARIS 2133,-0.3454791770670269,False,False
137,1,1,"Newsom, Miss. Helen Monypeny",1,-0.7370405721877009,-0.47454519624983954,2.0089333664952354,11752,-0.11921562980779811,False,True
138,0,1,"Futrelle, Mr. Jacques Heath",0,0.5029430168352342,0.4327933656785018,-0.4736736092984604,113803,0.4207302360686478,False,True
139,0,3,"Osen, Mr. Olaf Elon",0,-0.9437045036915235,-0.47454519624983954,-0.4736736092984604,7534,-0.4628462821463391,False,True
142,1,3,"Nysten, Miss. Anna Sofia",1,-0.5303766406838785,-0.47454519624983954,-0.4736736092984604,347081,-0.49237782784290063,False,True
143,1,3,"Hakkarainen, Mrs. Pekka Pietari (Elin Matilda Dolck)",1,-0.3926006863479967,0.4327933656785018,-0.4736736092984604,STON/O2. 3101279,-0.32928686163157667,False,True
144,0,3,"Burke, Mr. Jeremiah",0,-0.7370405721877009,-0.47454519624983954,-0.4736736092984604,365222,-0.5125125150294839,True,False
145,0,2,"Andrew, Mr. Edgardo Samuel",0,-0.8059285493556418,-0.47454519624983954,-0.4736736092984604,231945,-0.41687275089321363,False,True
146,0,2,"Nicholls, Mr. Joseph Charles",0,-0.7370405721877009,0.4327933656785018,0.7676298785983874,C.A. 33112,0.09152810056801232,False,True
147,1,3,"Andersson, Mr. August Edvard (""Wennerstrom"")",0,-0.1859367548441742,-0.47454519624983954,-0.4736736092984604,350043,-0.49145565916975514,False,True
148,0,3,"Ford, Miss. Robina Maggie ""Ruby""",1,-1.4259203438671093,1.340131927606843,2.0089333664952354,W./C. 6608,0.04370821849987721,False,True
149,0,2,"Navratil, Mr. Michel (""Louis M Hoffman"")",0,0.4684990282512638,-0.47454519624983954,2.0089333664952354,230080,-0.12491978668775715,False,True
150,0,2,"Byles, Rev. Thomas Roussel Davids",0,0.8473829026749384,-0.47454519624983954,-0.4736736092984604,244310,-0.3866707201133388,False,True
151,0,2,"Bateman, Rev. Robert James",0,1.4673746971864061,-0.47454519624983954,-0.4736736092984604,S.O.P. 1166,-0.39623469652696586,False,True
152,1,1,"Pears, Mrs. Thomas (Edith Wearne)",1,-0.5303766406838785,0.4327933656785018,-0.4736736092984604,113776,0.6925485130875209,False,True
153,0,3,"Meo, Mr. Alfonzo",0,1.7773705944421399,-0.47454519624983954,-0.4736736092984604,A.5. 11206,-0.4863374216869257,False,True
154,0,3,"van Billiard, Mr. Austin Blyler",0,0.7440509369230272,-0.47454519624983954,2.0089333664952354,A/5. 851,-0.35646868933346404,False,True
156,0,1,"Williams, Mr. Charles Duane",0,1.4673746971864061,-0.47454519624983954,0.7676298785983874,PC 17597,0.5874293382238074,False,False
157,1,3,"Gilnagh, Miss. Katherine ""Katie""",1,-0.9437045036915235,-0.47454519624983954,-0.4736736092984604,35851,-0.49271407711891657,True,False
158,0,3,"Corn, Mr. Harry",0,0.020727176659648322,-0.47454519624983954,-0.4736736092984604,SOTON/OQ 392090,-0.4863374216869257,False,True
161,0,3,"Cribb, Mr. John Hatfield",0,0.9851588570108202,-0.47454519624983954,0.7676298785983874,371362,-0.32425318983493084,False,True
162,1,2,"Watt, Mrs. James (Elizabeth ""Bessie"" Inglis Milne)",1,0.7096069483390568,-0.47454519624983954,-0.4736736092984604,C.A. 33595,-0.331300330350235,False,True
163,0,3,"Bengtsson, Mr. John Viktor",0,-0.25482473201211503,-0.47454519624983954,-0.4736736092984604,347068,-0.4918744606632361,False,True
164,0,3,"Calic, Mr. Jovo",0,-0.8748165265235827,-0.47454519624983954,-0.4736736092984604,315093,-0.47400492578514347,False,True
165,0,3,"Panula, Master. Eino Viljami",0,-1.977024161210636,3.1548090514635256,0.7676298785983874,3101295,0.1506737441786005,False,True
166,1,3,"Goldsmith, Master. Frank John William ""Frankie""",0,-1.4259203438671093,-0.47454519624983954,2.0089333664952354,363291,-0.2351571990343002,False,True
168,0,3,"Skoog, Mrs. William (Anna Bernhardina Karlsson)",1,1.054046834178761,0.4327933656785018,4.491540342288931,347088,-0.08666388103324908,False,True
170,0,3,"Ling, Mr. Lee",0,-0.11704877767623337,-0.47454519624983954,-0.4736736092984604,1601,0.48910360681684706,False,True
171,0,1,"Van der hoef, Mr. Wyckoff",0,2.1562544688658143,-0.47454519624983954,-0.4736736092984604,111240,0.026090367211616904,False,True
172,0,3,"Rice, Master. Arthur",0,-1.7703602297068137,3.1548090514635256,0.7676298785983874,382652,-0.06199888922968463,True,False
173,1,3,"Johnson, Miss. Eleanor Ileen",1,-1.977024161210636,0.4327933656785018,0.7676298785983874,347742,-0.4242561406845337,False,True
174,0,3,"Sivola, Mr. Antti Wilhelm",0,-0.5992646178518193,-0.47454519624983954,-0.4736736092984604,STON/O 2. 3101280,-0.4888542575852486,False,True
175,0,1,"Smith, Mr. James Clinch",0,1.8118145830261103,-0.47454519624983954,-0.4736736092984604,17764,-0.030371322596999754,False,False
176,0,3,"Klasen, Mr. Klas Albin",0,-0.8059285493556418,0.4327933656785018,0.7676298785983874,350404,-0.4902797934380587,False,True
178,0,1,"Isham, Miss. Ann Elizabeth",1,1.3984867200184652,-0.47454519624983954,-0.4736736092984604,PC 17595,-0.07030444769415023,False,False
179,0,2,"Hale, Mr. Reginald",0,0.020727176659648322,-0.47454519624983954,-0.4736736092984604,250653,-0.3866707201133388,False,True
180,0,3,"Leonard, Mr. Lionel",0,0.43405503966729336,-0.47454519624983954,-0.4736736092984604,LINE,-0.6484216535389205,False,True
183,0,3,"Asplund, Master. Clarence Gustaf Hugo",0,-1.4259203438671093,3.1548090514635256,2.0089333664952354,347077,-0.016444159470040135,False,True
184,1,2,"Becker, Master. Richard F",0,-1.977024161210636,1.340131927606843,0.7676298785983874,230136,0.13683114673782454,False,True
185,1,3,"Kink-Heilmann, Miss. Luise Gretchen",1,-1.7703602297068137,-0.47454519624983954,2.0089333664952354,315153,-0.20495516825442542,False,True
188,1,1,"Romaine, Mr. Charles Hallace (""Mr C Rolmane"")",0,1.054046834178761,-0.47454519624983954,-0.4736736092984604,111428,-0.11384570873513637,False,True
189,0,3,"Bourke, Mr. John",0,0.7096069483390568,0.4327933656785018,0.7676298785983874,364849,-0.3363340021468808,True,False
190,0,3,"Turcin, Mr. Stjepan",0,0.43405503966729336,-0.47454519624983954,-0.4736736092984604,349247,-0.4894421904510968,False,True
191,1,2,"Pinsky, Mrs. (Rosa)",1,0.15850313099553,-0.47454519624983954,-0.4736736092984604,234604,-0.3866707201133388,False,True
192,0,2,"Carbines, Mr. William",0,-0.7370405721877009,-0.47454519624983954,-0.4736736092984604,28424,-0.3866707201133388,False,True
193,1,3,"Andersen-Jensen, Miss. Carla Christine Nielsine",1,-0.7370405721877009,0.4327933656785018,-0.4736736092984604,350046,-0.4902797934380587,False,True
194,1,2,"Navratil, Master. Michel M",0,-1.8392482068747544,0.4327933656785018,0.7676298785983874,230080,-0.12491978668775715,False,True
195,1,1,"Brown, Mrs. James Joseph (Margaret Tobin)",1,0.9851588570108202,-0.47454519624983954,-0.4736736092984604,PC 17610,-0.09027201697708476,False,False
198,0,3,"Olsen, Mr. Karl Siegwart Andreas",0,0.8473829026749384,-0.47454519624983954,0.7676298785983874,4579,-0.47920571548543794,False,True
200,0,2,"Yrois, Miss. Henriette (""Mrs Harbeck"")",1,-0.3926006863479967,-0.47454519624983954,-0.4736736092984604,248747,-0.3866707201133388,False,True
201,0,3,"Vande Walle, Mr. Nestor Cyriel",0,-0.11704877767623337,-0.47454519624983954,-0.4736736092984604,345770,-0.45714212526638004,False,True
203,0,3,"Johanson, Mr. Jakob Alfred",0,0.2962790853314117,-0.47454519624983954,-0.4736736092984604,3101264,-0.5176307525123133,False,True
204,0,3,"Youseff, Mr. Gerious",0,1.0884908227627315,-0.47454519624983954,-0.4736736092984604,2628,-0.5029485386158568,False,False
205,1,3,"Cohen, Mr. Gurshon ""Gus""",0,-0.8059285493556418,-0.47454519624983954,-0.4736736092984604,A/5 3540,-0.4863374216869257,False,True
206,0,3,"Strom, Miss. Telma Matilda",1,-1.9081361840426954,-0.47454519624983954,0.7676298785983874,347054,-0.43776248884929375,False,True
207,0,3,"Backstrom, Mr. Karl Alfred",0,0.15850313099553,0.4327933656785018,-0.4736736092984604,3101278,-0.32928686163157667,False,True
208,1,3,"Albimona, Mr. Nassef Cassem",0,-0.25482473201211503,-0.47454519624983954,-0.4736736092984604,2699,-0.2701412180209885,False,False
209,1,3,"Carr, Miss. Helen ""Ellen""",1,-0.9437045036915235,-0.47454519624983954,-0.4736736092984604,367231,-0.49237782784290063,True,False
210,1,1,"Blank, Mr. Henry",0,0.7096069483390568,-0.47454519624983954,-0.4736736092984604,112277,-0.024246350754841113,False,False
211,0,3,"Ali, Mr. Ahmed",0,-0.3926006863479967,-0.47454519624983954,-0.4736736092984604,SOTON/O.Q. 3101311,-0.5064721088735089,False,True
212,1,2,"Cameron, Miss. Clear Annie",1,0.36516706249935255,-0.47454519624983954,-0.4736736092984604,F.C.C. 13528,-0.22559322262067316,False,True
213,0,3,"Perkin, Mr. John Henry",0,-0.5303766406838785,-0.47454519624983954,-0.4736736092984604,A/5 21174,-0.5024451714361923,False,True
214,0,2,"Givard, Mr. Hans Kristensen",0,0.020727176659648322,-0.47454519624983954,-0.4736736092984604,250646,-0.3866707201133388,False,True
217,1,3,"Honkanen, Miss. Eliina",1,-0.1859367548441742,-0.47454519624983954,-0.4736736092984604,STON/O2. 3101283,-0.4888542575852486,False,True
218,0,2,"Jacobsohn, Mr. Sidney Samuel",0,0.8473829026749384,0.4327933656785018,-0.4736736092984604,243847,-0.10478509950117394,False,True
220,0,2,"Harris, Mr. Walter",0,0.020727176659648322,-0.47454519624983954,-0.4736736092984604,W/C 14208,-0.43700743807979686,False,True
221,1,3,"Sunderland, Mr. Victor Francis",0,-0.9437045036915235,-0.47454519624983954,-0.4736736092984604,SOTON/OQ 392089,-0.4863374216869257,False,True
222,0,2,"Bracken, Mr. James H",0,-0.1859367548441742,-0.47454519624983954,-0.4736736092984604,220367,-0.3866707201133388,False,True
223,0,3,"Green, Mr. George Henry",0,1.4673746971864061,-0.47454519624983954,-0.4736736092984604,21440,-0.4863374216869257,False,True
226,0,3,"Berglund, Mr. Karl Ivar Sven",0,-0.5303766406838785,-0.47454519624983954,-0.4736736092984604,PP 4348,-0.4601623283443675,False,True
227,1,2,"Mellors, Mr. William John",0,-0.7370405721877009,-0.47454519624983954,-0.4736736092984604,SW/PP 751,-0.43700743807979686,False,True
228,0,3,"Lovell, Mr. John Hall (""Henry"")",0,-0.6337086064357897,-0.47454519624983954,-0.4736736092984604,A/5 21173,-0.5024451714361923,False,True
229,0,2,"Fahlstrom, Mr. Arne Jonas",0,-0.8059285493556418,-0.47454519624983954,-0.4736736092984604,236171,-0.3866707201133388,False,True
232,0,3,"Larsson, Mr. Bengt Edvin",0,-0.04816080050829252,-0.47454519624983954,-0.4736736092984604,347067,-0.4918744606632361,False,True
233,0,2,"Sjostedt, Mr. Ernst Adolf",0,2.018478514529933,-0.47454519624983954,-0.4736736092984604,237442,-0.3766033765200472,False,True
234,1,3,"Asplund, Miss. Lillian Gertrud",1,-1.7014722525388728,3.1548090514635256,2.0089333664952354,347077,-0.016444159470040135,False,True
235,0,2,"Leyson, Mr. Robert William Norman",0,-0.3926006863479967,-0.47454519624983954,-0.4736736092984604,C.A. 29566,-0.43700743807979686,False,True
237,0,2,"Hold, Mr. Stephen",0,0.9851588570108202,0.4327933656785018,-0.4736736092984604,26707,-0.12491978668775715,False,True
238,1,2,"Collyer, Miss. Marjorie ""Lottie""",1,-1.4948083210350502,-0.47454519624983954,2.0089333664952354,C.A. 31921,-0.11988611489111134,False,True
239,0,2,"Pengelly, Mr. Frederick William",0,-0.7370405721877009,-0.47454519624983954,-0.4736736092984604,28665,-0.43700743807979686,False,True
240,0,2,"Hunt, Mr. George Henry",0,0.22739110816347086,-0.47454519624983954,-0.4736736092984604,SCO/W 1585,-0.4012683683236117,False,True
243,0,2,"Coleridge, Mr. Reginald Charles",0,-0.04816080050829252,-0.47454519624983954,-0.4736736092984604,W./C. 14263,-0.43700743807979686,False,True
244,0,3,"Maenpaa, Mr. Matti Alexanteri",0,-0.5303766406838785,-0.47454519624983954,-0.4736736092984604,STON/O 2. 3101275,-0.5049620073345151,False,True
245,0,3,"Attalah, Mr. Sleiman",0,0.020727176659648322,-0.47454519624983954,-0.4736736092984604,2694,-0.5029485386158568,False,False
247,0,3,"Lindahl, Miss. Agda Thorilda Viktoria",1,-0.3237127091800559,-0.47454519624983954,-0.4736736092984604,347071,-0.4918744606632361,False,True
248,1,2,"Hamalainen, Mrs. William (Anna)",1,-0.3926006863479967,-0.47454519624983954,2.0089333664952354,250649,-0.35646868933346404,False,True
249,1,1,"Beckwith, Mr. Richard Leonard",0,0.5029430168352342,0.4327933656785018,0.7676298785983874,11751,0.40974072380221066,False,True
250,0,2,"Carter, Rev. Ernest Courtenay",0,1.6740386286902287,0.4327933656785018,-0.4736736092984604,244252,-0.12491978668775715,False,True
252,0,3,"Strom, Mrs. Wilhelm (Elna Matilda Persson)",1,-0.04816080050829252,0.4327933656785018,0.7676298785983874,347054,-0.43776248884929375,False,True
253,0,1,"Stead, Mr. William Thomas",0,2.225142446033755,-0.47454519624983954,-0.4736736092984604,113514,-0.11384570873513637,False,True
254,0,3,"Lobb, Mr. William Arthur",0,0.020727176659648322,0.4327933656785018,-0.4736736092984604,A/5. 3336,-0.32425318983493084,False,True
255,0,3,"Rosblom, Mrs. Viktor (Helena Wilhelmina)",1,0.7784949255069976,-0.47454519624983954,2.0089333664952354,370129,-0.2414492887801075,False,True
256,1,3,"Touma, Mrs. Darwis (Hanne Youssef Razi)",1,-0.04816080050829252,-0.47454519624983954,2.0089333664952354,2650,-0.3414522396297103,False,False
260,1,2,"Parrish, Mrs. (Lutie Davis)",1,1.3984867200184652,-0.47454519624983954,0.7676298785983874,230433,-0.12491978668775715,False,True
262,1,3,"Asplund, Master. Edvin Rojj Felix",0,-1.8392482068747544,3.1548090514635256,2.0089333664952354,347077,-0.016444159470040135,False,True
264,0,1,"Harrison, Mr. William",0,0.7096069483390568,-0.47454519624983954,-0.4736736092984604,112059,-0.6484216535389205,False,True
266,0,2,"Reeves, Mr. David",0,0.43405503966729336,-0.47454519624983954,-0.4736736092984604,C.A. 17248,-0.43700743807979686,False,True
267,0,3,"Panula, Mr. Ernesti Arvid",0,-0.9437045036915235,3.1548090514635256,0.7676298785983874,3101295,0.1506737441786005,False,True
268,1,3,"Persson, Mr. Ernst Ulrik",0,-0.3237127091800559,0.4327933656785018,-0.4736736092984604,347083,-0.4918744606632361,False,True
272,1,3,"Tornquist, Mr. William Henry",0,-0.3237127091800559,-0.47454519624983954,-0.4736736092984604,LINE,-0.6484216535389205,False,True
273,1,2,"Mellinger, Mrs. (Elizabeth Anne Maidment)",1,0.7784949255069976,-0.47454519624983954,0.7676298785983874,250644,-0.255795253400548,False,True
274,0,1,"Natsch, Mr. Charles H",0,0.5029430168352342,-0.47454519624983954,0.7676298785983874,PC 17596,-0.05042144409739929,False,False
277,0,3,"Lindblom, Miss. Augusta Charlotta",1,1.054046834178761,-0.47454519624983954,-0.4736736092984604,347073,-0.49237782784290063,False,True
279,0,3,"Rice, Master. Eric",0,-1.5636962982029912,3.1548090514635256,0.7676298785983874,382652,-0.06199888922968463,True,False
280,1,3,"Abbott, Mrs. Stanton (Rosa Hunt)",1,0.36516706249935255,0.4327933656785018,0.7676298785983874,C.A. 2673,-0.24069423801061057,False,True
282,0,3,"Olsson, Mr. Nils Johan Goransson",0,-0.11704877767623337,-0.47454519624983954,-0.4736736092984604,347464,-0.4902797934380587,False,True
283,0,3,"de Pelsmaeker, Mr. Alfons",0,-0.9437045036915235,-0.47454519624983954,-0.4736736092984604,345778,-0.45714212526638004,False,True
284,1,3,"Dorking, Mr. Edward Arthur",0,-0.7370405721877009,-0.47454519624983954,-0.4736736092984604,A/5. 10482,-0.4863374216869257,False,True
286,0,3,"Stankovic, Mr. Ivan",0,0.22739110816347086,-0.47454519624983954,-0.4736736092984604,349239,-0.47400492578514347,False,False
287,1,3,"de Mulder, Mr. Theodore",0,0.020727176659648322,-0.47454519624983954,-0.4736736092984604,345774,-0.45714212526638004,False,True
288,0,3,"Naidenoff, Mr. Penko",0,-0.5303766406838785,-0.47454519624983954,-0.4736736092984604,349206,-0.4894421904510968,False,True
289,1,2,"Hosono, Mr. Masabumi",0,0.8473829026749384,-0.47454519624983954,-0.4736736092984604,237798,-0.3866707201133388,False,True
290,1,3,"Connolly, Miss. Kate",1,-0.5303766406838785,-0.47454519624983954,-0.4736736092984604,370373,-0.49237782784290063,True,False
293,0,2,"Levy, Mr. Rene Jacques",0,0.43405503966729336,-0.47454519624983954,-0.4736736092984604,SC/Paris 2163,-0.3891875560116617,False,False
294,0,3,"Haas, Miss. Aloisia",1,-0.3926006863479967,-0.47454519624983954,-0.4736736092984604,349236,-0.4702296719376591,False,True
295,0,3,"Mineff, Mr. Ivan",0,-0.3926006863479967,-0.47454519624983954,-0.4736736092984604,349233,-0.4894421904510968,False,True
297,0,3,"Hanna, Mr. Mansour",0,-0.4270446749319672,-0.47454519624983954,-0.4736736092984604,2693,-0.5028639729296732,False,False
303,0,3,"Johnson, Mr. William Cahoone Jr",0,-0.7370405721877009,-0.47454519624983954,-0.4736736092984604,LINE,-0.6484216535389205,False,True
309,0,2,"Abelson, Mr. Samuel",0,0.020727176659648322,0.4327933656785018,-0.4736736092984604,P/PP 3381,-0.16518916106092355,False,False
310,1,1,"Francatelli, Miss. Laura Mabel",1,0.020727176659648322,-0.47454519624983954,-0.4736736092984604,PC 17485,0.49782998024351216,False,False
313,0,2,"Lahtinen, Mrs. William (Anna Sylfven)",1,-0.25482473201211503,0.4327933656785018,0.7676298785983874,250651,-0.12491978668775715,False,True
314,0,3,"Hendekovic, Mr. Ignjac",0,-0.11704877767623337,-0.47454519624983954,-0.4736736092984604,349243,-0.4894421904510968,False,True
315,0,2,"Hart, Mr. Benjamin",0,0.9162708798428792,0.4327933656785018,0.7676298785983874,F.C.C. 13529,-0.11988611489111134,False,True
316,1,3,"Nilsson, Miss. Helmina Josefina",1,-0.25482473201211503,-0.47454519624983954,-0.4736736092984604,347470,-0.4902797934380587,False,True
317,1,2,"Kantor, Mrs. Sinai (Miriam Sternin)",1,-0.3926006863479967,0.4327933656785018,-0.4736736092984604,244367,-0.12491978668775715,False,True
318,0,2,"Moraweck, Dr. Ernest",0,1.6740386286902287,-0.47454519624983954,-0.4736736092984604,29011,-0.36653603292675563,False,True
321,0,3,"Dennis, Mr. Samuel",0,-0.5303766406838785,-0.47454519624983954,-0.4736736092984604,A/5 21172,-0.5024451714361923,False,True
322,0,3,"Danoff, Mr. Yoto",0,-0.1859367548441742,-0.47454519624983954,-0.4736736092984604,349219,-0.4894421904510968,False,True
323,1,2,"Slayter, Miss. Hilda Mary",1,0.020727176659648322,-0.47454519624983954,-0.4736736092984604,234818,-0.3997582667846179,True,False
324,1,2,"Caldwell, Mrs. Albert Francis (Sylvia Mae Harbaugh)",1,-0.5303766406838785,0.4327933656785018,0.7676298785983874,248738,-0.06451572512800753,False,True
327,0,3,"Nysveen, Mr. Johan Hansen",0,2.1562544688658143,-0.47454519624983954,-0.4736736092984604,345364,-0.5228315422126077,False,True
328,1,2,"Ball, Mrs. (Ada E Hall)",1,0.43405503966729336,-0.47454519624983954,-0.4736736092984604,28551,-0.3866707201133388,False,True
329,1,3,"Goldsmith, Mrs. Frank John (Emily Alice Brown)",1,0.08961515382758917,0.4327933656785018,0.7676298785983874,363291,-0.2351571990343002,False,True
330,1,1,"Hippach, Miss. Jean Gertrude",1,-0.9437045036915235,-0.47454519624983954,0.7676298785983874,111361,0.5189714017894245,False,False
332,0,1,"Partner, Mr. Austen",0,1.0884908227627315,-0.47454519624983954,-0.4736736092984604,113043,-0.07458306872129913,False,True
334,0,3,"Vander Planke, Mr. Leo Edmondus",0,-0.9437045036915235,1.340131927606843,-0.4736736092984604,345764,-0.2859972841804228,False,True
337,0,1,"Pears, Mr. Thomas Clinton",0,-0.04816080050829252,0.4327933656785018,-0.4736736092984604,113776,0.6925485130875209,False,True
339,1,3,"Dahl, Mr. Karl Edwart",0,1.054046834178761,-0.47454519624983954,-0.4736736092984604,7598,-0.4863374216869257,False,True
340,0,1,"Blackwell, Mr. Stephen Weart",0,1.054046834178761,-0.47454519624983954,-0.4736736092984604,113784,0.06635974158478332,False,True
341,1,2,"Navratil, Master. Edmond Roger",0,-1.9081361840426954,0.4327933656785018,0.7676298785983874,230080,-0.12491978668775715,False,True
343,0,2,"Collander, Mr. Erik Gustaf",0,-0.11704877767623337,-0.47454519624983954,-0.4736736092984604,248740,-0.3866707201133388,False,True
344,0,2,"Sedgwick, Mr. Charles Frederick Waddington",0,-0.3237127091800559,-0.47454519624983954,-0.4736736092984604,244361,-0.3866707201133388,False,True
345,0,2,"Fox, Mr. Stanley Hubert",0,0.43405503966729336,-0.47454519624983954,-0.4736736092984604,229236,-0.3866707201133388,False,True
346,1,2,"Brown, Miss. Amelia ""Mildred""",1,-0.3926006863479967,-0.47454519624983954,-0.4736736092984604,248733,-0.3866707201133388,False,True
347,1,2,"Smith, Miss. Marion Elsie",1,0.7096069483390568,-0.47454519624983954,-0.4736736092984604,31418,-0.3866707201133388,False,True
349,1,3,"Coutts, Master. William Loch ""William""",0,-1.8392482068747544,0.4327933656785018,0.7676298785983874,C.A. 37671,-0.32828012727224753,False,True
350,0,3,"Dimic, Mr. Jovan",0,0.8473829026749384,-0.47454519624983954,-0.4736736092984604,315088,-0.47400492578514347,False,True
351,0,3,"Odahl, Mr. Nils Martin",0,-0.4614886635159376,-0.47454519624983954,-0.4736736092984604,7267,-0.4626791642426904,False,True
353,0,3,"Elias, Mr. Tannous",0,-1.0125924808594644,0.4327933656785018,0.7676298785983874,2695,-0.5028639729296732,False,False
354,0,3,"Arnold-Franchi, Mr. Josef",0,-0.3237127091800559,0.4327933656785018,-0.4736736092984604,349237,-0.29002422161773944,False,True
356,0,3,"Vanden Steen, Mr. Leo Peter",0,-0.11704877767623337,-0.47454519624983954,-0.4736736092984604,345783,-0.45714212526638004,False,True
357,1,1,"Bowerman, Miss. Elsie Edith",1,-0.5303766406838785,-0.47454519624983954,0.7676298785983874,113505,0.4589861417231558,False,True
358,0,2,"Funk, Miss. Annie Clemmer",1,0.571830994003175,-0.47454519624983954,-0.4736736092984604,237671,-0.3866707201133388,False,True
361,0,3,"Skoog, Mr. Wilhelm",0,0.7096069483390568,0.4327933656785018,4.491540342288931,347088,-0.08666388103324908,False,True
362,0,2,"del Carlo, Mr. Sebastiano",0,-0.04816080050829252,0.4327933656785018,-0.4736736092984604,SC/PARIS 2167,-0.09027201697708476,False,False
363,0,3,"Barbara, Mrs. (Catherine David)",1,1.054046834178761,-0.47454519624983954,0.7676298785983874,2691,-0.3573908580066095,False,False
364,0,3,"Asim, Mr. Adola",0,0.36516706249935255,-0.47454519624983954,-0.4736736092984604,SOTON/O.Q. 3101310,-0.5064721088735089,False,True
366,0,3,"Adahl, Mr. Mauritz Nils Martin",0,0.020727176659648322,-0.47454519624983954,-0.4736736092984604,C 7076,-0.5024451714361923,False,True
370,1,1,"Aubart, Mme. Leontine Pauline",1,-0.3926006863479967,-0.47454519624983954,-0.4736736092984604,PC 17477,0.7469121684912956,False,False
371,1,1,"Harder, Mr. George Achilles",0,-0.3237127091800559,0.4327933656785018,-0.4736736092984604,11765,0.4678796330534696,False,False
372,0,3,"Wiklund, Mr. Jakob Alfred",0,-0.8059285493556418,0.4327933656785018,-0.4736736092984604,3101267,-0.5176307525123133,False,True
373,0,3,"Beavan, Mr. William Thomas",0,-0.7370405721877009,-0.47454519624983954,-0.4736736092984604,323951,-0.4863374216869257,False,True
375,0,3,"Palsson, Miss. Stina Viola",1,-1.8392482068747544,2.2474704895351842,0.7676298785983874,349909,-0.22408312108167944,False,True
377,1,3,"Landergren, Miss. Aurora Adelia",1,-0.5303766406838785,-0.47454519624983954,-0.4736736092984604,C 7077,-0.5024451714361923,False,True
379,0,3,"Betros, Mr. Tannous",0,-0.6681525950197601,-0.47454519624983954,-0.4736736092984604,2648,-0.5676312212027554,False,False
380,0,3,"Gustafsson, Mr. Karl Gideon",0,-0.7370405721877009,-0.47454519624983954,-0.4736736092984604,347069,-0.4918744606632361,False,True
382,1,3,"Nakid, Miss. Maria (""Mary"")",1,-1.977024161210636,-0.47454519624983954,2.0089333664952354,2653,-0.33146744825388363,False,False
383,0,3,"Tikkanen, Mr. Juho",0,0.15850313099553,-0.47454519624983954,-0.4736736092984604,STON/O 2. 3101293,-0.4888542575852486,False,True
384,1,1,"Holverson, Mrs. Alexander Oskar (Mary Aline Towner)",1,0.36516706249935255,0.4327933656785018,-0.4736736092984604,113789,0.39858208016340624,False,True
387,0,3,"Goodwin, Master. Sidney Leonard",0,-1.977024161210636,4.0621476133918675,2.0089333664952354,CA 2144,0.2958951755118318,False,True
388,1,2,"Buss, Miss. Kate",1,0.43405503966729336,-0.47454519624983954,-0.4736736092984604,27849,-0.3866707201133388,False,True
390,1,2,"Lehmann, Miss. Bertha",1,-0.8748165265235827,-0.47454519624983954,-0.4736736092984604,SC 1748,-0.40680540729992204,False,False
392,1,3,"Jansson, Mr. Carl Olof",0,-0.5992646178518193,-0.47454519624983954,-0.4736736092984604,350034,-0.49145565916975514,False,True
393,0,3,"Gustafsson, Mr. Johan Birger",0,-0.11704877767623337,1.340131927606843,-0.4736736092984604,3101277,-0.4888542575852486,False,True
395,1,3,"Sandstrom, Mrs. Hjalmar (Agnes Charlotta Bengtsson)",1,-0.3926006863479967,-0.47454519624983954,2.0089333664952354,PP 9549,-0.312172377522981,False,True
396,0,3,"Johansson, Mr. Erik",0,-0.5303766406838785,-0.47454519624983954,-0.4736736092984604,350052,-0.49145565916975514,False,True
397,0,3,"Olsson, Miss. Elina",1,0.08961515382758917,-0.47454519624983954,-0.4736736092984604,350407,-0.4902797934380587,False,True
398,0,2,"McKane, Mr. Peter David",0,1.122934811346702,-0.47454519624983954,-0.4736736092984604,28403,-0.12491978668775715,False,True
399,0,2,"Pain, Dr. Alfred",0,-0.4614886635159376,-0.47454519624983954,-0.4736736092984604,244278,-0.43700743807979686,False,True
400,1,2,"Trout, Mrs. William H (Jessie L)",1,-0.11704877767623337,-0.47454519624983954,-0.4736736092984604,240929,-0.393717860628643,False,True
401,1,3,"Niskanen, Mr. Juha",0,0.6407189711711159,-0.47454519624983954,-0.4736736092984604,STON/O 2. 3101289,-0.4888542575852486,False,True
402,0,3,"Adams, Mr. John",0,-0.25482473201211503,-0.47454519624983954,-0.4736736092984604,341826,-0.4863374216869257,False,True
403,0,3,"Jussila, Miss. Mari Aina",1,-0.5992646178518193,0.4327933656785018,-0.4736736092984604,4137,-0.4505983519307405,False,True
404,0,3,"Hakkarainen, Mr. Pekka Pietari",0,-0.11704877767623337,0.4327933656785018,-0.4736736092984604,STON/O2. 3101279,-0.32928686163157667,False,True
405,0,3,"Oreskovic, Miss. Marija",1,-0.6681525950197601,-0.47454519624983954,-0.4736736092984604,315096,-0.47400492578514347,False,True
406,0,2,"Gale, Mr. Shadrach",0,0.2962790853314117,0.4327933656785018,-0.4736736092984604,28664,-0.22559322262067316,False,True
407,0,3,"Widegren, Mr. Carl/Charles Peter",0,1.4673746971864061,-0.47454519624983954,-0.4736736092984604,347064,-0.49237782784290063,False,True
408,1,2,"Richards, Master. William Rowe",0,-1.8392482068747544,0.4327933656785018,0.7676298785983874,29106,-0.2708962687904854,False,True
409,0,3,"Birkeland, Mr. Hans Martin Monsen",0,-0.5992646178518193,-0.47454519624983954,-0.4736736092984604,312992,-0.4918744606632361,False,True
415,1,3,"Sundman, Mr. Johan Julian",0,0.9851588570108202,-0.47454519624983954,-0.4736736092984604,STON/O 2. 3101269,-0.4888542575852486,False,True
417,1,2,"Drew, Mrs. James Vivian (Lulu Thorne Christian)",1,0.2962790853314117,0.4327933656785018,0.7676298785983874,28220,0.005955680025033696,False,True
418,1,2,"Silven, Miss. Lyyli Karoliina",1,-0.8059285493556418,-0.47454519624983954,2.0089333664952354,250652,-0.3866707201133388,False,True
419,0,2,"Matthews, Mr. William John",0,0.020727176659648322,-0.47454519624983954,-0.4736736092984604,28228,-0.3866707201133388,False,True
420,0,3,"Van Impe, Miss. Catharina",1,-1.3570323666991686,-0.47454519624983954,2.0089333664952354,345773,-0.1621689579829361,False,True
422,0,3,"Charters, Mr. David",0,-0.5992646178518193,-0.47454519624983954,-0.4736736092984604,A/5. 13032,-0.49271407711891657,True,False
423,0,3,"Zimmerman, Mr. Leo",0,-0.04816080050829252,-0.47454519624983954,-0.4736736092984604,315082,-0.4898609919445778,False,True
424,0,3,"Danbom, Mrs. Ernst Gilbert (Anna Sigrid Maria Brogren)",1,-0.11704877767623337,0.4327933656785018,0.7676298785983874,347080,-0.35848215805212236,False,True
425,0,3,"Rosblom, Mr. Viktor Richard",0,-0.8059285493556418,0.4327933656785018,0.7676298785983874,370129,-0.2414492887801075,False,True
427,1,2,"Clarke, Mrs. Charles V (Ada Maria Winfield)",1,-0.11704877767623337,0.4327933656785018,-0.4736736092984604,2003,-0.12491978668775715,False,True
428,1,2,"Phillips, Miss. Kate Florence (""Mrs Kate Louise Phillips Marshall"")",1,-0.7370405721877009,-0.47454519624983954,-0.4736736092984604,250655,-0.12491978668775715,False,True
430,1,3,"Pickard, Mr. Berk (Berk Trembisky)",0,0.15850313099553,-0.47454519624983954,-0.4736736092984604,SOTON/O.Q. 392078,-0.4863374216869257,False,True
431,1,1,"Bjornstrom-Steffansson, Mr. Mauritz Hakan",0,-0.11704877767623337,-0.47454519624983954,-0.4736736092984604,110564,-0.11384570873513637,False,True
433,1,2,"Louch, Mrs. Charles Alexander (Alice Adelaide Slow)",1,0.8473829026749384,0.4327933656785018,-0.4736736092984604,SC/AH 3085,-0.12491978668775715,False,True
434,0,3,"Kallio, Mr. Nikolai Erland",0,-0.8748165265235827,-0.47454519624983954,-0.4736736092984604,STON/O 2. 3101274,-0.5049620073345151,False,True
435,0,1,"Silvey, Mr. William Baird",0,1.3984867200184652,0.4327933656785018,-0.4736736092984604,13507,0.4771073601910807,False,True
437,0,3,"Ford, Miss. Doolina Margaret ""Daisy""",1,-0.5992646178518193,1.340131927606843,2.0089333664952354,W./C. 6608,0.04370821849987721,False,True
438,1,2,"Richards, Mrs. Sidney (Emily Hocking)",1,-0.3926006863479967,1.340131927606843,3.250236854392083,29106,-0.2708962687904854,False,True
440,0,2,"Kvillner, Mr. Johan Henrik Johannesson",0,0.08961515382758917,-0.47454519624983954,-0.4736736092984604,C.A. 18723,-0.43700743807979686,False,True
441,1,2,"Hart, Mrs. Benjamin (Esther Ada Bloomfield)",1,1.054046834178761,0.4327933656785018,0.7676298785983874,F.C.C. 13529,-0.11988611489111134,False,True
442,0,3,"Hampe, Mr. Leon",0,-0.6681525950197601,-0.47454519624983954,-0.4736736092984604,345769,-0.45714212526638004,False,True
443,0,3,"Petterson, Mr. Johan Emil",0,-0.3237127091800559,0.4327933656785018,-0.4736736092984604,347076,-0.4918744606632361,False,True
444,1,2,"Reynaldo, Ms. Encarnacion",1,-0.11704877767623337,-0.47454519624983954,-0.4736736092984604,230434,-0.3866707201133388,False,True
447,1,2,"Mellinger, Miss. Madeleine Violet",1,-1.150368435195346,-0.47454519624983954,0.7676298785983874,250644,-0.255795253400548,False,True
448,1,1,"Seward, Mr. Frederic Kimber",0,0.2962790853314117,-0.47454519624983954,-0.4736736092984604,113794,-0.11384570873513637,False,True
449,1,3,"Baclini, Miss. Marie Catherine",1,-1.7014722525388728,1.340131927606843,0.7676298785983874,2666,-0.26066180729354516,False,False
450,1,1,"Peuchen, Major. Arthur Godfrey",0,1.5362626743543468,-0.47454519624983954,-0.4736736092984604,113786,-0.034313694348132716,False,True
451,0,2,"West, Mr. Edwy Arthur",0,0.43405503966729336,0.4327933656785018,2.0089333664952354,C.A. 34651,-0.08968408411123653,False,True
453,0,1,"Foreman, Mr. Benjamin Laventall",0,0.020727176659648322,-0.47454519624983954,-0.4736736092984604,113051,-0.08968408411123653,False,False
456,1,3,"Jalsevac, Mr. Ivan",0,-0.04816080050829252,-0.47454519624983954,-0.4736736092984604,349240,-0.4894421904510968,False,False
459,1,2,"Toomey, Miss. Ellen",1,1.3984867200184652,-0.47454519624983954,-0.4736736092984604,F.C.C. 13531,-0.43700743807979686,False,True
461,1,1,"Anderson, Mr. Harry",0,1.2607107656825836,-0.47454519624983954,-0.4736736092984604,19952,-0.11384570873513637,False,True
462,0,3,"Morley, Mr. William",0,0.2962790853314117,-0.47454519624983954,-0.4736736092984604,364506,-0.4863374216869257,False,True
463,0,1,"Gee, Mr. Arthur H",0,1.1918227885146426,-0.47454519624983954,-0.4736736092984604,111320,0.12676380314453292,False,True
464,0,2,"Milling, Mr. Jacob Christian",0,1.2607107656825836,-0.47454519624983954,-0.4736736092984604,234360,-0.3866707201133388,False,True
466,0,3,"Goncalves, Mr. Manuel Estanslas",0,0.571830994003175,-0.47454519624983954,-0.4736736092984604,SOTON/O.Q. 3101306,-0.5064721088735089,False,True
468,0,1,"Smart, Mr. John Montgomery",0,1.8118145830261103,-0.47454519624983954,-0.4736736092984604,113792,-0.11384570873513637,False,True
470,1,3,"Baclini, Miss. Helene Barbara",1,-1.9942461555026214,1.340131927606843,0.7676298785983874,2666,-0.26066180729354516,False,False
472,0,3,"Cacic, Mr. Luka",0,0.571830994003175,-0.47454519624983954,-0.4736736092984604,315089,-0.47400492578514347,False,True
473,1,2,"West, Mrs. Edwy Arthur (Ada Mary Worth)",1,0.22739110816347086,0.4327933656785018,2.0089333664952354,C.A. 34651,-0.08968408411123653,False,True
474,1,2,"Jerwan, Mrs. Amin S (Marie Marthe Thuillard)",1,-0.4614886635159376,-0.47454519624983954,-0.4736736092984604,SC/AH Basle 541,-0.3707300882677209,False,False
475,0,3,"Strandberg, Miss. Ida Sofia",1,-0.5303766406838785,-0.47454519624983954,-0.4736736092984604,7553,-0.45034666834090825,False,True
477,0,2,"Renouf, Mr. Peter Henry",0,0.2962790853314117,0.4327933656785018,-0.4736736092984604,31027,-0.22559322262067316,False,True
478,0,3,"Braund, Mr. Lewis Richard",0,-0.04816080050829252,0.4327933656785018,-0.4736736092984604,3460,-0.5065566745596926,False,True
479,0,3,"Karlsson, Mr. Nils August",0,-0.5303766406838785,-0.47454519624983954,-0.4736736092984604,350060,-0.4969926981460655,False,True
480,1,3,"Hirvonen, Miss. Hildur E",1,-1.9081361840426954,-0.47454519624983954,0.7676298785983874,3101298,-0.4010166847337793,False,True
481,0,3,"Goodwin, Master. Harold Victor",0,-1.4259203438671093,4.0621476133918675,2.0089333664952354,CA 2144,0.2958951755118318,False,True
483,0,3,"Rouse, Mr. Richard Henry",0,1.3984867200184652,-0.47454519624983954,-0.4736736092984604,A/5 3594,-0.4863374216869257,False,True
484,1,3,"Turkula, Mrs. (Hedwig)",1,2.294030423201696,-0.47454519624983954,-0.4736736092984604,4134,-0.455380340137554,False,True
488,0,1,"Kent, Mr. Edward Austin",0,1.949590537361992,-0.47454519624983954,-0.4736736092984604,11771,-0.05042144409739929,False,False
489,0,3,"Somerton, Mr. Francis William",0,0.020727176659648322,-0.47454519624983954,-0.4736736092984604,A.5. 18509,-0.4863374216869257,False,True
490,1,3,"Coutts, Master. Eden Leslie ""Neville""",0,-1.4259203438671093,0.4327933656785018,0.7676298785983874,C.A. 37671,-0.32828012727224753,False,True
492,0,3,"Windelov, Mr. Einar",0,-0.5992646178518193,-0.47454519624983954,-0.4736736092984604,SOTON/OQ 3101317,-0.5024451714361923,False,True
493,0,1,"Molson, Mr. Harry Markland",0,1.7429266058581694,-0.47454519624983954,-0.4736736092984604,113787,-0.034313694348132716,False,True
495,0,3,"Stanley, Mr. Edward Roland",0,-0.5992646178518193,-0.47454519624983954,-0.4736736092984604,A/4 45380,-0.4863374216869257,False,True
500,0,3,"Svensson, Mr. Olof",0,-0.3926006863479967,-0.47454519624983954,-0.4736736092984604,350035,-0.49145565916975514,False,True
501,0,3,"Calic, Mr. Petar",0,-0.8748165265235827,-0.47454519624983954,-0.4736736092984604,315086,-0.47400492578514347,False,True
502,0,3,"Canavan, Miss. Mary",1,-0.5992646178518193,-0.47454519624983954,-0.4736736092984604,364846,-0.49237782784290063,True,False
504,0,3,"Laitinen, Miss. Kristina Sofia",1,0.5029430168352342,-0.47454519624983954,-0.4736736092984604,4135,-0.455380340137554,False,True
507,1,2,"Quick, Mrs. Frederick Charles (Jane Richards)",1,0.22739110816347086,-0.47454519624983954,2.0089333664952354,26360,-0.12491978668775715,False,True
509,0,3,"Olsen, Mr. Henry Margido",0,-0.11704877767623337,-0.47454519624983954,-0.4736736092984604,C 4001,-0.1948878246611338,False,True
510,1,3,"Lang, Mr. Fang",0,-0.25482473201211503,-0.47454519624983954,-0.4736736092984604,1601,0.48910360681684706,False,True
511,1,3,"Daly, Mr. Eugene Patrick",0,-0.04816080050829252,-0.47454519624983954,-0.4736736092984604,382651,-0.49237782784290063,True,False
513,1,1,"McGough, Mr. James Robert",0,0.43405503966729336,-0.47454519624983954,-0.4736736092984604,PC 17473,-0.11913106412161445,False,True
514,1,1,"Rothschild, Mrs. Martin (Elizabeth L. Barrett)",1,1.6740386286902287,0.4327933656785018,-0.4736736092984604,PC 17603,0.5475787653441219,False,False
515,0,3,"Coleff, Mr. Satio",0,-0.3926006863479967,-0.47454519624983954,-0.4736736092984604,349209,-0.4974960653257301,False,True
516,0,1,"Walker, Mr. William Anderson",0,1.1918227885146426,-0.47454519624983954,-0.4736736092984604,36967,0.036576512298389464,False,True
517,1,2,"Lemore, Mrs. (Amelia Milley)",1,0.2962790853314117,-0.47454519624983954,-0.4736736092984604,C.A. 34260,-0.43700743807979686,False,True
519,1,2,"Angle, Mrs. William A (Florence ""Mary"" Agnes Hughes)",1,0.43405503966729336,0.4327933656785018,-0.4736736092984604,226875,-0.12491978668775715,False,True
520,0,3,"Pavlovic, Mr. Stefo",0,0.15850313099553,-0.47454519624983954,-0.4736736092984604,349242,-0.4894421904510968,False,True
522,0,3,"Vovk, Mr. Janko",0,-0.5303766406838785,-0.47454519624983954,-0.4736736092984604,349252,-0.4894421904510968,False,True
524,1,1,"Hippach, Mrs. Louis Albert (Ida Sophia Fischer)",1,0.9851588570108202,-0.47454519624983954,0.7676298785983874,111361,0.5189714017894245,False,False
526,0,3,"Farrell, Mr. James",0,0.7440509369230272,-0.47454519624983954,-0.4736736092984604,367232,-0.49237782784290063,True,False
527,1,2,"Ridsdale, Miss. Lucy",1,1.3984867200184652,-0.47454519624983954,-0.4736736092984604,W./C. 14258,-0.43700743807979686,False,True
529,0,3,"Salonen, Mr. Johan Werner",0,0.6407189711711159,-0.47454519624983954,-0.4736736092984604,3101296,-0.4888542575852486,False,True
530,0,2,"Hocking, Mr. Richard George",0,-0.4614886635159376,1.340131927606843,0.7676298785983874,29104,-0.41687275089321363,False,True
531,1,2,"Quick, Miss. Phyllis May",1,-1.9081361840426954,0.4327933656785018,0.7676298785983874,26360,-0.12491978668775715,False,True
533,0,3,"Elias, Mr. Joseph Jr",0,-0.8748165265235827,0.4327933656785018,0.7676298785983874,2690,-0.5028639729296732,False,False
535,0,3,"Cacic, Miss. Marija",1,0.020727176659648322,-0.47454519624983954,-0.4736736092984604,315084,-0.47400492578514347,False,True
536,1,2,"Hart, Miss. Eva Miriam",1,-1.5636962982029912,-0.47454519624983954,2.0089333664952354,F.C.C. 13529,-0.11988611489111134,False,True
537,0,1,"Butt, Major. Archibald Willingham",0,1.054046834178761,-0.47454519624983954,-0.4736736092984604,113050,-0.11384570873513637,False,True
540,1,1,"Frolicher, Miss. Hedwig Margaritha",1,-0.5303766406838785,-0.47454519624983954,2.0089333664952354,13568,0.3482453621969482,False,False
542,0,3,"Andersson, Miss. Ingeborg Constanzia",1,-1.4259203438671093,3.1548090514635256,2.0089333664952354,347082,-0.01870931177853076,False,True
543,0,3,"Andersson, Miss. Sigrid Elisabeth",1,-1.2881443895312277,3.1548090514635256,2.0089333664952354,347082,-0.01870931177853076,False,True
544,1,2,"Beane, Mr. Edward",0,0.15850313099553,0.4327933656785018,-0.4736736092984604,2908,-0.12491978668775715,False,True
546,0,1,"Nicholson, Mr. Arthur Ernest",0,2.362918400369637,-0.47454519624983954,-0.4736736092984604,693,-0.12491978668775715,False,True
547,1,2,"Beane, Mrs. Edward (Ethel Clarke)",1,-0.7370405721877009,0.4327933656785018,-0.4736736092984604,2908,-0.12491978668775715,False,True
549,0,3,"Goldsmith, Mr. Frank John",0,0.22739110816347086,0.4327933656785018,0.7676298785983874,363291,-0.2351571990343002,False,True
550,1,2,"Davies, Master. John Morgan Jr",0,-1.4948083210350502,0.4327933656785018,0.7676298785983874,C.A. 33112,0.09152810056801232,False,True
552,0,2,"Sharp, Mr. Percival James R",0,-0.1859367548441742,-0.47454519624983954,-0.4736736092984604,244358,-0.12491978668775715,False,True
554,1,3,"Leeni, Mr. Fahim (""Philip Zenni"")",0,-0.5303766406838785,-0.47454519624983954,-0.4736736092984604,2620,-0.5029485386158568,False,False
555,1,3,"Ohman, Miss. Velin",1,-0.5303766406838785,-0.47454519624983954,-0.4736736092984604,347085,-0.4918744606632361,False,True
556,0,1,"Wright, Mr. George",0,2.225142446033755,-0.47454519624983954,-0.4736736092984604,113807,-0.11384570873513637,False,True
557,1,1,"Duff Gordon, Lady. (Lucille Christiana Sutherland) (""Mrs Morgan"")",1,1.2607107656825836,0.4327933656785018,-0.4736736092984604,11755,0.1489119590497745,False,False
560,1,3,"de Messemaeker, Mrs. Guillaume Joseph (Emma)",1,0.43405503966729336,0.4327933656785018,-0.4736736092984604,345572,-0.29807809649237277,False,True
562,0,3,"Sivic, Mr. Husein",0,0.7096069483390568,-0.47454519624983954,-0.4736736092984604,349251,-0.4894421904510968,False,True
563,0,2,"Norman, Mr. Robert Douglas",0,-0.11704877767623337,-0.47454519624983954,-0.4736736092984604,218629,-0.3766033765200472,False,True
566,0,3,"Davies, Mr. Alfred J",0,-0.3926006863479967,1.340131927606843,-0.4736736092984604,A/4 48871,-0.1621689579829361,False,True
567,0,3,"Stoytcheff, Mr. Ilia",0,-0.7370405721877009,-0.47454519624983954,-0.4736736092984604,349205,-0.4894421904510968,False,True
568,0,3,"Palsson, Mrs. Nils (Alma Cornelia Berglund)",1,-0.04816080050829252,-0.47454519624983954,4.491540342288931,349909,-0.22408312108167944,False,True
570,1,3,"Jonsson, Mr. Carl",0,0.15850313099553,-0.47454519624983954,-0.4736736092984604,350417,-0.4902797934380587,False,True
571,1,2,"Harris, Mr. George",0,2.225142446033755,-0.47454519624983954,-0.4736736092984604,S.W./PP 752,-0.43700743807979686,False,True
572,1,1,"Appleton, Mrs. Edward Dale (Charlotte Lamson)",1,1.6051506515222878,1.340131927606843,-0.4736736092984604,11769,0.38809593507663365,False,True
573,1,1,"Flynn, Mr. John Irwin (""Irving"")",0,0.43405503966729336,-0.47454519624983954,-0.4736736092984604,PC 17474,-0.11711759540295616,False,True
575,0,3,"Rush, Mr. Alfred George John",0,-0.9437045036915235,-0.47454519624983954,-0.4736736092984604,A/4. 20589,-0.4863374216869257,False,True
576,0,3,"Patchett, Mr. George",0,-0.7370405721877009,-0.47454519624983954,-0.4736736092984604,358585,-0.35646868933346404,False,True
577,1,2,"Garside, Miss. Ethel",1,0.2962790853314117,-0.47454519624983954,-0.4736736092984604,243880,-0.3866707201133388,False,True
578,1,1,"Silvey, Mrs. William Baird (Alice Munger)",1,0.6407189711711159,0.4327933656785018,-0.4736736092984604,13507,0.4771073601910807,False,True
580,1,3,"Jussila, Mr. Eiriik",0,0.15850313099553,-0.47454519624983954,-0.4736736092984604,STON/O 2. 3101286,-0.4888542575852486,False,True
581,1,2,"Christy, Miss. Julie Rachel",1,-0.3237127091800559,0.4327933656785018,0.7676298785983874,237789,-0.04438103794142432,False,True
583,0,2,"Downton, Mr. William James",0,1.6740386286902287,-0.47454519624983954,-0.4736736092984604,28403,-0.12491978668775715,False,True
584,0,1,"Ross, Mr. John Hugo",0,0.43405503966729336,-0.47454519624983954,-0.4736736092984604,13049,0.15948266982273065,False,False
587,0,2,"Jarvis, Mr. John Denzil",0,1.1918227885146426,-0.47454519624983954,-0.4736736092984604,237565,-0.3464013457401724,False,True
589,0,3,"Gilinski, Mr. Eliezer",0,-0.5303766406838785,-0.47454519624983954,-0.4736736092984604,14973,-0.4863374216869257,False,True
591,0,3,"Rintamaki, Mr. Matti",0,0.36516706249935255,-0.47454519624983954,-0.4736736092984604,STON/O 2. 3101273,-0.5049620073345151,False,True
593,0,3,"Elsbury, Mr. William James",0,1.1918227885146426,-0.47454519624983954,-0.4736736092984604,A/5 3902,-0.5024451714361923,False,True
595,0,2,"Chapman, Mr. John Henry",0,0.5029430168352342,0.4327933656785018,-0.4736736092984604,SC/AH 29037,-0.12491978668775715,False,True
596,0,3,"Van Impe, Mr. Jean Baptiste",0,0.43405503966729336,0.4327933656785018,0.7676298785983874,345773,-0.1621689579829361,False,True
598,0,3,"Johnson, Mr. Alfred",0,1.3295987428505243,-0.47454519624983954,-0.4736736092984604,LINE,-0.6484216535389205,False,True
600,1,1,"Duff Gordon, Sir. Cosmo Edmund (""Mr Morgan"")",0,1.3295987428505243,0.4327933656785018,-0.4736736092984604,PC 17485,0.49782998024351216,False,False
601,1,2,"Jacobsohn, Mrs. Sidney Samuel (Amy Frances Christy)",1,-0.3926006863479967,1.340131927606843,0.7676298785983874,243847,-0.10478509950117394,False,True
604,0,3,"Torber, Mr. Ernst William",0,0.9851588570108202,-0.47454519624983954,-0.4736736092984604,364511,-0.4863374216869257,False,True
605,1,1,"Homer, Mr. Harry (""Mr E Haven"")",0,0.36516706249935255,-0.47454519624983954,-0.4736736092984604,111426,-0.11384570873513637,False,False
606,0,3,"Lindell, Mr. Edvard Bengtsson",0,0.43405503966729336,0.4327933656785018,-0.4736736092984604,349910,-0.3353272677875516,False,True
607,0,3,"Karaic, Mr. Milan",0,0.020727176659648322,-0.47454519624983954,-0.4736736092984604,349246,-0.4894421904510968,False,True
608,1,1,"Daniel, Mr. Robert Williams",0,-0.1859367548441742,-0.47454519624983954,-0.4736736092984604,113804,-0.034313694348132716,False,True
609,1,2,"Laroche, Mrs. Joseph (Juliette Marie Louise Lafargue)",1,-0.5303766406838785,0.4327933656785018,2.0089333664952354,SC/Paris 2123,0.18876253192945994,False,False
611,0,3,"Andersson, Mrs. Anders Johan (Alfrida Konstantia Brogren)",1,0.6407189711711159,0.4327933656785018,5.73284383018578,347082,-0.01870931177853076,False,True
615,0,3,"Brocklebank, Mr. William Alfred",0,0.36516706249935255,-0.47454519624983954,-0.4736736092984604,364512,-0.4863374216869257,False,True
616,1,2,"Herman, Miss. Alice",1,-0.3926006863479967,0.4327933656785018,2.0089333664952354,220845,0.6603330135889879,False,True
617,0,3,"Danbom, Mr. Ernst Gilbert",0,0.2962790853314117,0.4327933656785018,0.7676298785983874,347080,-0.35848215805212236,False,True
618,0,3,"Lobb, Mrs. William Arthur (Cordelia K Stanlick)",1,-0.25482473201211503,0.4327933656785018,-0.4736736092984604,A/5. 3336,-0.32425318983493084,False,True
619,1,2,"Becker, Miss. Marion Louise",1,-1.7703602297068137,1.340131927606843,0.7676298785983874,230136,0.13683114673782454,False,True
620,0,2,"Gavey, Mr. Lawrence",0,-0.25482473201211503,-0.47454519624983954,-0.4736736092984604,31028,-0.43700743807979686,False,True
621,0,3,"Yasbeck, Mr. Antoni",0,-0.1859367548441742,0.4327933656785018,-0.4736736092984604,2659,-0.3573908580066095,False,False
622,1,1,"Kimball, Mr. Edwin Nelson Jr",0,0.8473829026749384,0.4327933656785018,-0.4736736092984604,11753,0.40974072380221066,False,True
623,1,3,"Nakid, Mr. Sahid",0,-0.6681525950197601,0.4327933656785018,0.7676298785983874,2653,-0.33146744825388363,False,False
624,0,3,"Hansen, Mr. Henry Damsgaard",0,-0.5992646178518193,-0.47454519624983954,-0.4736736092984604,350029,-0.4902797934380587,False,True
625,0,3,"Bowen, Mr. David John ""Dai""",0,-0.5992646178518193,-0.47454519624983954,-0.4736736092984604,54636,-0.32425318983493084,False,True
626,0,1,"Sutton, Mr. Frederick",0,2.1562544688658143,-0.47454519624983954,-0.4736736092984604,36963,0.002347544081197954,False,True
627,0,2,"Kirkland, Rev. Charles Leonard",0,1.880702560194051,-0.47454519624983954,-0.4736736092984604,219533,-0.3997582667846179,True,False
629,0,3,"Bostandyeff, Mr. Guentcho",0,-0.25482473201211503,-0.47454519624983954,-0.4736736092984604,349224,-0.4894421904510968,False,True
632,0,3,"Lundahl, Mr. Johan Svensson",0,1.4673746971864061,-0.47454519624983954,-0.4736736092984604,347743,-0.5063875431873253,False,True
633,1,1,"Stahelin-Maeglin, Dr. Max",0,0.15850313099553,-0.47454519624983954,-0.4736736092984604,13214,-0.034313694348132716,False,False
635,0,3,"Skoog, Miss. Mabel",1,-1.4259203438671093,2.2474704895351842,2.0089333664952354,347088,-0.08666388103324908,False,True
636,1,2,"Davis, Miss. Mary",1,-0.11704877767623337,-0.47454519624983954,-0.4736736092984604,237668,-0.3866707201133388,False,True
637,0,3,"Leinonen, Mr. Antti Gustaf",0,0.15850313099553,-0.47454519624983954,-0.4736736092984604,STON/O 2. 3101292,-0.4888542575852486,False,True
638,0,2,"Collyer, Mr. Harvey",0,0.08961515382758917,0.4327933656785018,0.7676298785983874,C.A. 31921,-0.11988611489111134,False,True
639,0,3,"Panula, Mrs. Juha (Maria Emilia Ojala)",1,0.7784949255069976,-0.47454519624983954,5.73284383018578,3101295,0.1506737441786005,False,True
641,0,3,"Jensen, Mr. Hans Peder",0,-0.6681525950197601,-0.47454519624983954,-0.4736736092984604,350050,-0.4902797934380587,False,True
642,1,1,"Sagesser, Mlle. Emma",1,-0.3926006863479967,-0.47454519624983954,-0.4736736092984604,PC 17477,0.7469121684912956,False,False
643,0,3,"Skoog, Miss. Margit Elizabeth",1,-1.9081361840426954,2.2474704895351842,2.0089333664952354,347088,-0.08666388103324908,False,True
645,1,3,"Baclini, Miss. Eugenie",1,-1.9942461555026214,1.340131927606843,0.7676298785983874,2666,-0.26066180729354516,False,False
647,0,3,"Cor, Mr. Liudevit",0,-0.7370405721877009,-0.47454519624983954,-0.4736736092984604,349231,-0.4894421904510968,False,True
648,1,1,"Simonius-Blumer, Col. Oberst Alfons",0,1.8118145830261103,-0.47454519624983954,-0.4736736092984604,13213,0.06635974158478332,False,False
650,1,3,"Stanley, Miss. Amy Zillah Elsie",1,-0.4614886635159376,-0.47454519624983954,-0.4736736092984604,CA. 2314,-0.49640476528021726,False,True
652,1,2,"Doling, Miss. Elsie",1,-0.8059285493556418,-0.47454519624983954,0.7676298785983874,231919,-0.18532384824750675,False,True
653,0,3,"Kalvik, Mr. Johannes Halvorsen",0,-0.5992646178518193,-0.47454519624983954,-0.4736736092984604,8475,-0.47861979608830835,False,True
655,0,3,"Hegarty, Miss. Hanora ""Nora""",1,-0.8059285493556418,-0.47454519624983954,-0.4736736092984604,365226,-0.5125125150294839,True,False
658,0,3,"Bourke, Mrs. John (Catherine)",1,0.15850313099553,0.4327933656785018,0.7676298785983874,364849,-0.3363340021468808,True,False
659,0,2,"Eitemiller, Mr. George Floyd",0,-0.4614886635159376,-0.47454519624983954,-0.4736736092984604,29751,-0.3866707201133388,False,True
662,0,3,"Badt, Mr. Mohamed",0,0.7096069483390568,-0.47454519624983954,-0.4736736092984604,2623,-0.5029485386158568,False,False
663,0,1,"Colley, Mr. Edward Pomeroy",0,1.1918227885146426,-0.47454519624983954,-0.4736736092984604,5727,-0.13322534515222276,False,True
664,0,3,"Coleff, Mr. Peju",0,0.43405503966729336,-0.47454519624983954,-0.4736736092984604,349210,-0.4974960653257301,False,True
665,1,3,"Lindqvist, Mr. Eino William",0,-0.6681525950197601,0.4327933656785018,-0.4736736092984604,STON/O 2. 3101285,-0.4888542575852486,False,True
667,0,2,"Butler, Mr. Reginald Fenton",0,-0.3237127091800559,-0.47454519624983954,-0.4736736092984604,234686,-0.3866707201133388,False,True
669,0,3,"Cook, Mr. Jacob",0,0.9162708798428792,-0.47454519624983954,-0.4736736092984604,A/5 3536,-0.4863374216869257,False,True
671,1,2,"Brown, Mrs. Thomas William Solomon (Elizabeth Catherine Ford)",1,0.7096069483390568,0.4327933656785018,0.7676298785983874,29750,0.13683114673782454,False,True
672,0,1,"Davidson, Mr. Thornton",0,0.08961515382758917,0.4327933656785018,-0.4736736092984604,F.C. 12750,0.39858208016340624,False,True
674,1,2,"Wilhelms, Mr. Charles",0,0.08961515382758917,-0.47454519624983954,-0.4736736092984604,244270,-0.3866707201133388,False,True
676,0,3,"Edvardsson, Mr. Gustaf Hjalmar",0,-0.8059285493556418,-0.47454519624983954,-0.4736736092984604,349912,-0.4918744606632361,False,True
677,0,3,"Sawyer, Mr. Frederick Charles",0,-0.3581566977640263,-0.47454519624983954,-0.4736736092984604,342826,-0.4863374216869257,False,True
678,1,3,"Turja, Miss. Anna Sofia",1,-0.8059285493556418,-0.47454519624983954,-0.4736736092984604,4138,-0.45026210265472455,False,True
679,0,3,"Goodwin, Mrs. Frederick (Augusta Tyler)",1,0.9162708798428792,0.4327933656785018,6.974147318082627,CA 2144,0.2958951755118318,False,True
683,0,3,"Olsvigen, Mr. Thor Anderson",0,-0.6681525950197601,-0.47454519624983954,-0.4736736092984604,6563,-0.4626791642426904,False,True
684,0,3,"Goodwin, Mr. Charles Edward",0,-1.0814804580274051,4.0621476133918675,2.0089333664952354,CA 2144,0.2958951755118318,False,True
685,0,2,"Brown, Mr. Thomas William Solomon",0,2.087366491697874,0.4327933656785018,0.7676298785983874,29750,0.13683114673782454,False,True
686,0,2,"Laroche, Mr. Joseph Philippe Lemercier",0,-0.3237127091800559,0.4327933656785018,2.0089333664952354,SC/Paris 2123,0.18876253192945994,False,False
687,0,3,"Panula, Mr. Jaako Arnold",0,-1.0814804580274051,3.1548090514635256,0.7676298785983874,3101295,0.1506737441786005,False,True
688,0,3,"Dakic, Mr. Branko",0,-0.7370405721877009,-0.47454519624983954,-0.4736736092984604,349228,-0.44363577710162005,False,True
689,0,3,"Fischer, Mr. Eberhard Thelander",0,-0.8059285493556418,-0.47454519624983954,-0.4736736092984604,350036,-0.49145565916975514,False,True
691,1,1,"Dick, Mr. Albert Adrian",0,0.08961515382758917,0.4327933656785018,-0.4736736092984604,17474,0.49925551609632224,False,True
692,1,3,"Karun, Miss. Manca",1,-1.7703602297068137,-0.47454519624983954,0.7676298785983874,349256,-0.37828059596268965,False,False
694,0,3,"Saad, Mr. Khalil",0,-0.3237127091800559,-0.47454519624983954,-0.4736736092984604,2672,-0.5029485386158568,False,False
695,0,1,"Weir, Col. John",0,2.087366491697874,-0.47454519624983954,-0.4736736092984604,113800,-0.11384570873513637,False,True
696,0,2,"Chapman, Mr. Charles Henry",0,1.5362626743543468,-0.47454519624983954,-0.4736736092984604,248731,-0.3766033765200472,False,True
697,0,3,"Kelly, Mr. James",0,0.9851588570108202,-0.47454519624983954,-0.4736736092984604,363592,-0.4863374216869257,False,True
700,0,3,"Humblen, Mr. Adolf Mathias Nicolai Olsen",0,0.8473829026749384,-0.47454519624983954,-0.4736736092984604,348121,-0.494391296561559,False,True
702,1,1,"Silverthorne, Mr. Spencer Victor",0,0.36516706249935255,-0.47454519624983954,-0.4736736092984604,PC 17475,-0.11913106412161445,False,True
703,0,3,"Barbara, Miss. Saiide",1,-0.8059285493556418,-0.47454519624983954,0.7676298785983874,2691,-0.3573908580066095,False,False
704,0,3,"Gallagher, Mr. Martin",0,-0.3237127091800559,-0.47454519624983954,-0.4736736092984604,36864,-0.4925449457465493,True,False
705,0,3,"Hansen, Mr. Henrik Juul",0,-0.25482473201211503,0.4327933656785018,-0.4736736092984604,350025,-0.4902797934380587,False,True
706,0,2,"Morley, Mr. Henry Samuel (""Mr Henry Marshall"")",0,0.6407189711711159,-0.47454519624983954,-0.4736736092984604,250655,-0.12491978668775715,False,True
707,1,2,"Kelly, Mrs. Florence ""Fannie""",1,1.054046834178761,-0.47454519624983954,-0.4736736092984604,223596,-0.3766033765200472,False,True
708,1,1,"Calderhead, Mr. Edward Pennington",0,0.8473829026749384,-0.47454519624983954,-0.4736736092984604,PC 17476,-0.11913106412161445,False,True
711,1,1,"Mayne, Mlle. Berthe Antonine (""Mrs de Villiers"")",1,-0.3926006863479967,-0.47454519624983954,-0.4736736092984604,PC 17482,0.3483299278831318,False,False
713,1,1,"Taylor, Mr. Elmer Zebley",0,1.2607107656825836,0.4327933656785018,-0.4736736092984604,19996,0.39858208016340624,False,True
714,0,3,"Larsson, Mr. August Viktor",0,-0.04816080050829252,-0.47454519624983954,-0.4736736092984604,7545,-0.457478374542396,False,True
715,0,2,"Greenberg, Mr. Samuel",0,1.5362626743543468,-0.47454519624983954,-0.4736736092984604,250647,-0.3866707201133388,False,True
716,0,3,"Soholt, Mr. Peter Andreas Lauritz Andersen",0,-0.7370405721877009,-0.47454519624983954,-0.4736736092984604,348124,-0.494391296561559,False,True
718,1,2,"Troutt, Miss. Edwina Celia ""Winnie""",1,-0.1859367548441742,-0.47454519624983954,-0.4736736092984604,34218,-0.43700743807979686,False,True
720,0,3,"Johnson, Mr. Malkolm Joackim",0,0.22739110816347086,-0.47454519624983954,-0.4736736092984604,347062,-0.4918744606632361,False,True
721,1,2,"Harper, Miss. Annie Jessie ""Nina""",1,-1.6325842753709319,-0.47454519624983954,0.7676298785983874,248727,0.016023023618325298,False,True
722,0,3,"Jensen, Mr. Svend Lauritz",0,-0.8748165265235827,0.4327933656785018,-0.4736736092984604,350048,-0.5063875431873253,False,True
723,0,2,"Gillespie, Mr. William Henry",0,0.2962790853314117,-0.47454519624983954,-0.4736736092984604,12233,-0.3866707201133388,False,True
724,0,2,"Hodges, Mr. Henry Price",0,1.3984867200184652,-0.47454519624983954,-0.4736736092984604,250643,-0.3866707201133388,False,True
725,1,1,"Chambers, Mr. Norman Campbell",0,-0.1859367548441742,0.4327933656785018,-0.4736736092984604,113806,0.4207302360686478,False,True
726,0,3,"Oreskovic, Mr. Luka",0,-0.6681525950197601,-0.47454519624983954,-0.4736736092984604,315094,-0.47400492578514347,False,True
727,1,2,"Renouf, Mrs. Peter Henry (Lillian Jefferys)",1,0.020727176659648322,2.2474704895351842,-0.4736736092984604,31027,-0.22559322262067316,False,True
729,0,2,"Bryhl, Mr. Kurt Arnold Gottfrid",0,-0.3237127091800559,0.4327933656785018,-0.4736736092984604,236853,-0.12491978668775715,False,True
730,0,3,"Ilmakangas, Miss. Pieta Sofia",1,-0.3237127091800559,0.4327933656785018,-0.4736736092984604,STON/O2. 3101271,-0.4888542575852486,False,True
732,0,3,"Hassan, Mr. Houssein G N",0,-1.2881443895312277,-0.47454519624983954,-0.4736736092984604,2699,-0.2701412180209885,False,False
734,0,2,"Berriman, Mr. William John",0,-0.4614886635159376,-0.47454519624983954,-0.4736736092984604,28425,-0.3866707201133388,False,True
735,0,2,"Troupiansky, Mr. Moses Aaron",0,-0.4614886635159376,-0.47454519624983954,-0.4736736092984604,233639,-0.3866707201133388,False,True
736,0,3,"Williams, Mr. Leslie",0,-0.08260478909226295,-0.47454519624983954,-0.4736736092984604,54636,-0.32425318983493084,False,True
737,0,3,"Ford, Mrs. Edward (Margaret Ann Watson)",1,1.2607107656825836,0.4327933656785018,3.250236854392083,W./C. 6608,0.04370821849987721,False,True
744,0,3,"McNamee, Mr. Neal",0,-0.3926006863479967,0.4327933656785018,-0.4736736092984604,376566,-0.32425318983493084,False,True
745,1,3,"Stranden, Mr. Juho",0,0.08961515382758917,-0.47454519624983954,-0.4736736092984604,STON/O 2. 3101288,-0.4888542575852486,False,True
747,0,3,"Abbott, Mr. Rossmore Edward",0,-0.9437045036915235,0.4327933656785018,0.7676298785983874,C.A. 2673,-0.24069423801061057,False,True
748,1,2,"Sinkkonen, Miss. Anna",1,0.020727176659648322,-0.47454519624983954,-0.4736736092984604,250648,-0.3866707201133388,False,True
749,0,1,"Marvin, Mr. Daniel Warner",0,-0.7370405721877009,0.4327933656785018,-0.4736736092984604,113773,0.4207302360686478,False,True
750,0,3,"Connaghton, Mr. Michael",0,0.08961515382758917,-0.47454519624983954,-0.4736736092984604,335097,-0.49237782784290063,True,False
751,1,2,"Wells, Miss. Joan",1,-1.7703602297068137,0.4327933656785018,0.7676298785983874,29103,-0.18532384824750675,False,True
752,1,3,"Moor, Master. Meier",0,-1.6325842753709319,-0.47454519624983954,0.7676298785983874,392096,-0.397241430886295,False,True
753,0,3,"Vande Velde, Mr. Johannes Joseph",0,0.22739110816347086,-0.47454519624983954,-0.4736736092984604,345780,-0.45714212526638004,False,True
754,0,3,"Jonkoff, Mr. Lalio",0,-0.4614886635159376,-0.47454519624983954,-0.4736736092984604,349204,-0.4894421904510968,False,True
755,1,2,"Herman, Mrs. Samuel (Jane Laver)",1,1.2607107656825836,0.4327933656785018,2.0089333664952354,220845,0.6603330135889879,False,True
756,1,2,"Hamalainen, Master. Viljo",0,-1.9997571936760565,0.4327933656785018,0.7676298785983874,250649,-0.35646868933346404,False,True
757,0,3,"Carlsson, Mr. August Sigfrid",0,-0.11704877767623337,-0.47454519624983954,-0.4736736092984604,350042,-0.49145565916975514,False,True
758,0,2,"Bailey, Mr. Percy Andrew",0,-0.8059285493556418,-0.47454519624983954,-0.4736736092984604,29108,-0.41687275089321363,False,True
759,0,3,"Theobald, Mr. Thomas Leonard",0,0.2962790853314117,-0.47454519624983954,-0.4736736092984604,363294,-0.4863374216869257,False,True
762,0,3,"Nirva, Mr. Iisakki Antino Aijo",0,0.7784949255069976,-0.47454519624983954,-0.4736736092984604,SOTON/O2 3101272,-0.5049620073345151,False,True
763,1,3,"Barah, Mr. Hanna Assi",0,-0.6681525950197601,-0.47454519624983954,-0.4736736092984604,2663,-0.5028639729296732,False,False
765,0,3,"Eklund, Mr. Hans Linus",0,-0.9437045036915235,-0.47454519624983954,-0.4736736092984604,347074,-0.4918744606632361,False,True
768,0,3,"Mangan, Miss. Mary",1,0.055171165243618744,-0.47454519624983954,-0.4736736092984604,364850,-0.49237782784290063,True,False
770,0,3,"Gronnestad, Mr. Daniel Danielsen",0,0.15850313099553,-0.47454519624983954,-0.4736736092984604,8471,-0.4800453319411184,False,True
771,0,3,"Lievens, Mr. Rene Aime",0,-0.3926006863479967,-0.47454519624983954,-0.4736736092984604,345781,-0.45714212526638004,False,True
772,0,3,"Jensen, Mr. Niels Peder",0,1.2607107656825836,-0.47454519624983954,-0.4736736092984604,350047,-0.4902797934380587,False,True
773,0,2,"Mack, Mrs. (Mary)",1,1.880702560194051,-0.47454519624983954,-0.4736736092984604,S.O./P.P. 3,-0.43700743807979686,False,True
775,1,2,"Hocking, Mrs. Elizabeth (Eliza Needs)",1,1.6740386286902287,0.4327933656785018,3.250236854392083,29105,-0.18532384824750675,False,True
776,0,3,"Myhrman, Mr. Pehr Fabian Oliver Malkolm",0,-0.8059285493556418,-0.47454519624983954,-0.4736736092984604,347078,-0.49237782784290063,False,True
778,1,3,"Emanuel, Miss. Virginia Ethel",1,-1.7014722525388728,-0.47454519624983954,-0.4736736092984604,364516,-0.397241430886295,False,True
781,1,3,"Ayoub, Miss. Banoura",1,-1.150368435195346,-0.47454519624983954,-0.4736736092984604,2687,-0.5028639729296732,False,False
782,1,1,"Dick, Mrs. Albert Adrian (Vera Gillespie)",1,-0.8748165265235827,0.4327933656785018,-0.4736736092984604,17474,0.49925551609632224,False,True
783,0,1,"Long, Mr. Milton Clyde",0,-0.04816080050829252,-0.47454519624983954,-0.4736736092984604,113501,-0.04438103794142432,False,True
785,0,3,"Ali, Mr. William",0,-0.3237127091800559,-0.47454519624983954,-0.4736736092984604,SOTON/O.Q. 3101312,-0.5064721088735089,False,True
786,0,3,"Harmer, Mr. Abraham (David Lishin)",0,-0.3237127091800559,-0.47454519624983954,-0.4736736092984604,374887,-0.5024451714361923,False,True
787,1,3,"Sjoblom, Miss. Anna Sofia",1,-0.8059285493556418,-0.47454519624983954,-0.4736736092984604,3101265,-0.4974960653257301,False,True
788,0,3,"Rice, Master. George Hugh",0,-1.4948083210350502,3.1548090514635256,0.7676298785983874,382652,-0.06199888922968463,True,False
789,1,3,"Dean, Master. Bertram Vere",0,-1.977024161210636,0.4327933656785018,2.0089333664952354,C.A. 2315,-0.23415046467497105,False,True
792,0,2,"Gaskell, Mr. Alfred",0,-0.9437045036915235,-0.47454519624983954,-0.4736736092984604,239865,-0.12491978668775715,False,True
795,0,3,"Dantcheff, Mr. Ristiu",0,-0.3237127091800559,-0.47454519624983954,-0.4736736092984604,349203,-0.4894421904510968,False,True
796,0,2,"Otter, Mr. Richard",0,0.6407189711711159,-0.47454519624983954,-0.4736736092984604,28213,-0.3866707201133388,False,True
797,1,1,"Leader, Dr. Alice (Farnham)",1,1.3295987428505243,-0.47454519624983954,-0.4736736092984604,17465,-0.1263453225405672,False,True
798,1,3,"Osman, Mrs. Mara",1,0.08961515382758917,-0.47454519624983954,-0.4736736092984604,349244,-0.4735861242916626,False,True
799,0,3,"Ibrahim Shawah, Mr. Yousseff",0,0.020727176659648322,-0.47454519624983954,-0.4736736092984604,2685,-0.5028639729296732,False,False
800,0,3,"Van Impe, Mrs. Jean Baptiste (Rosalie Paula Govaert)",1,0.020727176659648322,0.4327933656785018,0.7676298785983874,345773,-0.1621689579829361,False,True
801,0,2,"Ponesell, Mr. Martin",0,0.2962790853314117,-0.47454519624983954,-0.4736736092984604,250647,-0.3866707201133388,False,True
802,1,2,"Collyer, Mrs. Harvey (Charlotte Annie Tate)",1,0.08961515382758917,0.4327933656785018,0.7676298785983874,C.A. 31921,-0.11988611489111134,False,True
804,1,3,"Thomas, Master. Assad Alexander",0,-2.0169791879680417,-0.47454519624983954,0.7676298785983874,2625,-0.47694056317694733,False,False
805,1,3,"Hedman, Mr. Oskar Arvid",0,-0.1859367548441742,-0.47454519624983954,-0.4736736092984604,347089,-0.5079822104125026,False,True
806,0,3,"Johansson, Mr. Karl Johan",0,0.08961515382758917,-0.47454519624983954,-0.4736736092984604,347063,-0.4918744606632361,False,True
807,0,1,"Andrews, Mr. Thomas Jr",0,0.6407189711711159,-0.47454519624983954,-0.4736736092984604,112050,-0.6484216535389205,False,True
808,0,3,"Pettersson, Miss. Ellen Natalia",1,-0.8059285493556418,-0.47454519624983954,-0.4736736092984604,347087,-0.4918744606632361,False,True
809,0,2,"Meyer, Mr. August",0,0.6407189711711159,-0.47454519624983954,-0.4736736092984604,248723,-0.3866707201133388,False,True
810,1,1,"Chambers, Mrs. Norman Campbell (Bertha Griggs)",1,0.22739110816347086,0.4327933656785018,-0.4736736092984604,113806,0.4207302360686478,False,True
811,0,3,"Alexander, Mr. William",0,-0.25482473201211503,-0.47454519624983954,-0.4736736092984604,3474,-0.4896093083547455,False,True
812,0,3,"Lester, Mr. James",0,0.6407189711711159,-0.47454519624983954,-0.4736736092984604,A/4 48871,-0.1621689579829361,False,True
813,0,2,"Slemen, Mr. Richard James",0,0.36516706249935255,-0.47454519624983954,-0.4736736092984604,28206,-0.43700743807979686,False,True
814,0,3,"Andersson, Miss. Ebba Iris Alfrida",1,-1.6325842753709319,3.1548090514635256,2.0089333664952354,347082,-0.01870931177853076,False,True
815,0,3,"Tomlin, Mr. Ernest Portage",0,0.055171165243618744,-0.47454519624983954,-0.4736736092984604,364499,-0.4863374216869257,False,True
817,0,3,"Heininen, Miss. Wendla Maria",1,-0.4614886635159376,-0.47454519624983954,-0.4736736092984604,STON/O2. 3101290,-0.4888542575852486,False,True
818,0,2,"Mallet, Mr. Albert",0,0.08961515382758917,0.4327933656785018,0.7676298785983874,S.C./PARIS 2079,0.09664633805084172,False,False
819,0,3,"Holm, Mr. John Fredrik Alexander",0,0.9162708798428792,-0.47454519624983954,-0.4736736092984604,C 7075,-0.5185529211854588,False,True
820,0,3,"Skoog, Master. Karl Thorsten",0,-1.3570323666991686,2.2474704895351842,2.0089333664952354,347088,-0.08666388103324908,False,True
822,1,3,"Lulic, Mr. Nikola",0,-0.1859367548441742,-0.47454519624983954,-0.4736736092984604,315098,-0.47400492578514347,False,True
823,0,1,"Reuchlin, Jonkheer. John George",0,0.571830994003175,-0.47454519624983954,-0.4736736092984604,19972,-0.6484216535389205,False,True
824,1,3,"Moor, Mrs. (Beila)",1,-0.1859367548441742,-0.47454519624983954,0.7676298785983874,392096,-0.397241430886295,False,True
825,0,3,"Panula, Master. Urho Abraham",0,-1.9081361840426954,3.1548090514635256,0.7676298785983874,3101295,0.1506737441786005,False,True
828,1,2,"Mallet, Master. Andre",0,-1.977024161210636,-0.47454519624983954,2.0089333664952354,S.C./PARIS 2079,0.09664633805084172,False,False
831,1,3,"Yasbeck, Mrs. Antoni (Selini Alexander)",1,-1.0125924808594644,0.4327933656785018,-0.4736736092984604,2659,-0.3573908580066095,False,False
832,1,2,"Richards, Master. George Sibley",0,-1.9887351173291863,0.4327933656785018,0.7676298785983874,29106,-0.2708962687904854,False,True
834,0,3,"Augustsson, Mr. Albert",0,-0.4614886635159376,-0.47454519624983954,-0.4736736092984604,347468,-0.4902797934380587,False,True
835,0,3,"Allum, Mr. Owen George",0,-0.8059285493556418,-0.47454519624983954,-0.4736736092984604,2223,-0.48130374989027985,False,True
837,0,3,"Pasic, Mr. Jakob",0,-0.5992646178518193,-0.47454519624983954,-0.4736736092984604,315097,-0.47400492578514347,False,True
839,1,3,"Chip, Mr. Chang",0,0.15850313099553,-0.47454519624983954,-0.4736736092984604,1601,0.48910360681684706,False,True
841,0,3,"Alhomaki, Mr. Ilmari Rudolf",0,-0.6681525950197601,-0.47454519624983954,-0.4736736092984604,SOTON/O2 3101287,-0.4888542575852486,False,True
842,0,2,"Mudd, Mr. Thomas Charles",0,-0.9437045036915235,-0.47454519624983954,-0.4736736092984604,S.O./P.P. 3,-0.43700743807979686,False,True
843,1,1,"Serepeca, Miss. Augusta",1,0.020727176659648322,-0.47454519624983954,-0.4736736092984604,113798,-0.024246350754841113,False,False
844,0,3,"Lemberopolous, Mr. Peter L",0,0.33072307391538214,-0.47454519624983954,-0.4736736092984604,2683,-0.5188046047752911,False,False
845,0,3,"Culumovic, Mr. Jeso",0,-0.8748165265235827,-0.47454519624983954,-0.4736736092984604,315090,-0.47400492578514347,False,True
846,0,3,"Abbing, Mr. Anthony",0,0.8473829026749384,-0.47454519624983954,-0.4736736092984604,C.A. 5547,-0.49640476528021726,False,True
848,0,3,"Markoff, Mr. Marin",0,0.36516706249935255,-0.47454519624983954,-0.4736736092984604,349213,-0.4894421904510968,False,False
849,0,2,"Harper, Rev. John",0,-0.11704877767623337,-0.47454519624983954,0.7676298785983874,248727,0.016023023618325298,False,True
851,0,3,"Andersson, Master. Sigvard Harald Elias",0,-1.7703602297068137,3.1548090514635256,2.0089333664952354,347082,-0.01870931177853076,False,True
853,0,3,"Boulos, Miss. Nourelain",1,-1.4259203438671093,0.4327933656785018,0.7676298785983874,2678,-0.3414522396297103,False,False
854,1,1,"Lines, Miss. Mary Conover",1,-0.9437045036915235,-0.47454519624983954,0.7676298785983874,PC 17592,0.14488502161245778,False,True
855,0,2,"Carter, Mrs. Ernest Courtenay (Lilian Hughes)",1,0.9851588570108202,0.4327933656785018,-0.4736736092984604,244252,-0.12491978668775715,False,True
856,1,3,"Aks, Mrs. Sam (Leah Rosen)",1,-0.8059285493556418,-0.47454519624983954,0.7676298785983874,392091,-0.4601623283443675,False,True
858,1,1,"Daly, Mr. Peter Denis ",0,1.4673746971864061,-0.47454519624983954,-0.4736736092984604,113055,-0.11384570873513637,False,True
859,1,3,"Baclini, Mrs. Solomon (Latifa Qurban)",1,-0.3926006863479967,-0.47454519624983954,3.250236854392083,2666,-0.26066180729354516,False,False
861,0,3,"Hansen, Mr. Claus Peter",0,0.7784949255069976,1.340131927606843,-0.4736736092984604,350026,-0.36435544630444866,False,True
862,0,2,"Giles, Mr. Frederick Edward",0,-0.5992646178518193,0.4327933656785018,-0.4736736092984604,28134,-0.41687275089321363,False,True
863,1,1,"Swift, Mrs. Frederick Joel (Margaret Welles Barron)",1,1.2607107656825836,-0.47454519624983954,-0.4736736092984604,17466,-0.1263453225405672,False,True
865,0,2,"Gill, Mr. John William",0,-0.3926006863479967,-0.47454519624983954,-0.4736736092984604,233866,-0.3866707201133388,False,True
866,1,2,"Bystrom, Mrs. (Karolina)",1,0.8473829026749384,-0.47454519624983954,-0.4736736092984604,236852,-0.3866707201133388,False,True
867,1,2,"Duran y More, Miss. Asuncion",1,-0.1859367548441742,0.4327933656785018,-0.4736736092984604,SC/PARIS 2149,-0.3693891181010945,False,False
868,0,1,"Roebling, Mr. Washington Augustus II",0,0.08961515382758917,-0.47454519624983954,-0.4736736092984604,PC 17590,0.3682954836973478,False,True
870,1,3,"Johnson, Master. Harold Theodor",0,-1.7703602297068137,0.4327933656785018,0.7676298785983874,347742,-0.4242561406845337,False,True
871,0,3,"Balkic, Mr. Cerin",0,-0.25482473201211503,-0.47454519624983954,-0.4736736092984604,349248,-0.4894421904510968,False,True
872,1,1,"Beckwith, Mrs. Richard Leonard (Sallie Monypeny)",1,1.1918227885146426,0.4327933656785018,0.7676298785983874,11751,0.40974072380221066,False,True
873,0,1,"Carlsson, Mr. Frans Olof",0,0.22739110816347086,-0.47454519624983954,-0.4736736092984604,695,-0.5477482176060045,False,True
874,0,3,"Vander Cruyssen, Mr. Victor",0,1.1918227885146426,-0.47454519624983954,-0.4736736092984604,345765,-0.46720946885967163,False,True
875,1,2,"Abelson, Mrs. Samuel (Hannah Wizosky)",1,-0.11704877767623337,0.4327933656785018,-0.4736736092984604,P/PP 3381,-0.16518916106092355,False,False
876,1,3,"Najib, Miss. Adele Kiamie ""Jane""",1,-1.0125924808594644,-0.47454519624983954,-0.4736736092984604,2667,-0.5029485386158568,False,False
877,0,3,"Gustafsson, Mr. Alfred Ossian",0,-0.6681525950197601,-0.47454519624983954,-0.4736736092984604,7534,-0.45017955043725955,False,True
878,0,3,"Petroff, Mr. Nedelio",0,-0.7370405721877009,-0.47454519624983954,-0.4736736092984604,349212,-0.4894421904510968,False,True
881,1,2,"Shelley, Mrs. William (Imanita Parrish Hall)",1,-0.3237127091800559,-0.47454519624983954,0.7676298785983874,230433,-0.12491978668775715,False,True
882,0,3,"Markun, Mr. Johann",0,0.22739110816347086,-0.47454519624983954,-0.4736736092984604,349257,-0.4894421904510968,False,True
883,0,3,"Dahlberg, Miss. Gerda Ulrika",1,-0.5303766406838785,-0.47454519624983954,-0.4736736092984604,7552,-0.4366711888037809,False,True
884,0,2,"Banfield, Mr. Frederick James",0,-0.11704877767623337,-0.47454519624983954,-0.4736736092984604,C.A./SOTON 34068,-0.43700743807979686,False,True
885,0,3,"Sutehall, Mr. Henry Jr",0,-0.3237127091800559,-0.47454519624983954,-0.4736736092984604,SOTON/OQ 392076,-0.5064721088735089,False,True
886,0,3,"Rice, Mrs. William (Margaret Norton)",1,0.6407189711711159,-0.47454519624983954,5.73284383018578,382652,-0.06199888922968463,True,False
887,0,2,"Montvila, Rev. Juozas",0,-0.1859367548441742,-0.47454519624983954,-0.4736736092984604,211536,-0.3866707201133388,False,True
888,1,1,"Graham, Miss. Margaret Edith",1,-0.7370405721877009,-0.47454519624983954,-0.4736736092984604,112053,-0.04438103794142432,False,True
890,1,1,"Behr, Mr. Karl Howell",0,-0.25482473201211503,-0.47454519624983954,-0.4736736092984604,111369,-0.04438103794142432,False,False
891,0,3,"Dooley, Mr. Patrick",0,0.15850313099553,-0.47454519624983954,-0.4736736092984604,370376,-0.49237782784290063,True,False
